-- phpMyAdmin SQL Dump
-- version 5.2.1
-- https://www.phpmyadmin.net/
--
-- Host: 127.0.0.1
-- Generation Time: May 28, 2025 at 03:26 PM
-- Server version: 10.4.32-MariaDB
-- PHP Version: 8.2.12

SET SQL_MODE = "NO_AUTO_VALUE_ON_ZERO";
START TRANSACTION;
SET time_zone = "+00:00";


/*!40101 SET @OLD_CHARACTER_SET_CLIENT=@@CHARACTER_SET_CLIENT */;
/*!40101 SET @OLD_CHARACTER_SET_RESULTS=@@CHARACTER_SET_RESULTS */;
/*!40101 SET @OLD_COLLATION_CONNECTION=@@COLLATION_CONNECTION */;
/*!40101 SET NAMES utf8mb4 */;

--
-- Database: `e_absensi`
--

-- --------------------------------------------------------

--
-- Table structure for table `cache`
--

CREATE TABLE `cache` (
  `key` varchar(255) NOT NULL,
  `value` mediumtext NOT NULL,
  `expiration` int(11) NOT NULL
) ENGINE=InnoDB DEFAULT CHARSET=utf8mb4 COLLATE=utf8mb4_unicode_ci;

-- --------------------------------------------------------

--
-- Table structure for table `cache_locks`
--

CREATE TABLE `cache_locks` (
  `key` varchar(255) NOT NULL,
  `owner` varchar(255) NOT NULL,
  `expiration` int(11) NOT NULL
) ENGINE=InnoDB DEFAULT CHARSET=utf8mb4 COLLATE=utf8mb4_unicode_ci;

-- --------------------------------------------------------

--
-- Table structure for table `days`
--

CREATE TABLE `days` (
  `id` bigint(20) UNSIGNED NOT NULL,
  `name` varchar(20) NOT NULL,
  `order_number` int(11) NOT NULL,
  `created_at` timestamp NULL DEFAULT NULL,
  `updated_at` timestamp NULL DEFAULT NULL
) ENGINE=InnoDB DEFAULT CHARSET=utf8mb4 COLLATE=utf8mb4_unicode_ci;

--
-- Dumping data for table `days`
--

INSERT INTO `days` (`id`, `name`, `order_number`, `created_at`, `updated_at`) VALUES
(1, 'Senin', 1, '2025-05-04 05:42:20', '2025-05-04 05:42:20'),
(2, 'Selasa', 2, '2025-05-04 05:42:20', '2025-05-04 05:42:20'),
(3, 'Rabu', 3, '2025-05-04 05:42:20', '2025-05-04 05:42:20'),
(4, 'Kamis', 4, '2025-05-04 05:42:20', '2025-05-04 05:42:20'),
(5, 'Jumat', 5, '2025-05-04 05:42:20', '2025-05-04 05:42:20'),
(6, 'Sabtu', 6, '2025-05-04 05:42:20', '2025-05-04 05:42:20');

-- --------------------------------------------------------

--
-- Table structure for table `failed_jobs`
--

CREATE TABLE `failed_jobs` (
  `id` bigint(20) UNSIGNED NOT NULL,
  `uuid` varchar(255) NOT NULL,
  `connection` text NOT NULL,
  `queue` text NOT NULL,
  `payload` longtext NOT NULL,
  `exception` longtext NOT NULL,
  `failed_at` timestamp NOT NULL DEFAULT current_timestamp()
) ENGINE=InnoDB DEFAULT CHARSET=utf8mb4 COLLATE=utf8mb4_unicode_ci;

-- --------------------------------------------------------

--
-- Table structure for table `grades`
--

CREATE TABLE `grades` (
  `id` bigint(20) UNSIGNED NOT NULL,
  `code` varchar(20) NOT NULL,
  `tingkatan` enum('X','XI','XII') NOT NULL,
  `teacher_id` bigint(20) UNSIGNED NOT NULL,
  `created_at` timestamp NULL DEFAULT NULL,
  `updated_at` timestamp NULL DEFAULT NULL
) ENGINE=InnoDB DEFAULT CHARSET=utf8mb4 COLLATE=utf8mb4_unicode_ci;

--
-- Dumping data for table `grades`
--

INSERT INTO `grades` (`id`, `code`, `tingkatan`, `teacher_id`, `created_at`, `updated_at`) VALUES
(11, 'IPA 1', 'X', 2, '2025-05-04 03:49:18', '2025-05-09 06:57:37'),
(12, 'IPA 2', 'X', 1, '2025-05-04 03:49:18', '2025-05-04 03:49:18'),
(13, 'IPA 3', 'X', 1, '2025-05-04 03:49:18', '2025-05-04 03:49:18'),
(14, 'IPA 4', 'X', 1, '2025-05-04 03:49:18', '2025-05-04 03:49:18'),
(15, 'IPA 1', 'XI', 1, '2025-05-04 03:49:18', '2025-05-04 03:49:18'),
(16, 'IPA 2', 'XI', 1, '2025-05-04 03:49:18', '2025-05-04 03:49:18'),
(17, 'IPA 3', 'XI', 1, '2025-05-04 03:49:18', '2025-05-04 03:49:18'),
(18, 'IPA 4', 'XI', 1, '2025-05-04 03:49:18', '2025-05-04 03:49:18'),
(19, 'IPA 1', 'XII', 1, '2025-05-04 03:49:18', '2025-05-04 03:49:18'),
(20, 'IPA 2', 'XII', 1, '2025-05-04 03:49:18', '2025-05-04 03:49:18'),
(21, 'IPA 3', 'XII', 1, '2025-05-04 03:49:18', '2025-05-04 03:49:18'),
(22, 'IPA 4', 'XII', 1, '2025-05-04 03:49:18', '2025-05-04 03:49:18'),
(23, 'IPS 1', 'X', 3, '2025-05-04 03:49:52', '2025-05-04 03:49:52'),
(24, 'IPS 2', 'X', 3, '2025-05-04 03:49:52', '2025-05-04 03:49:52'),
(25, 'IPS 3', 'X', 3, '2025-05-04 03:49:52', '2025-05-04 03:49:52'),
(26, 'IPS 4', 'X', 3, '2025-05-04 03:49:52', '2025-05-04 03:49:52'),
(27, 'IPS 5', 'X', 3, '2025-05-04 03:49:52', '2025-05-04 03:49:52'),
(28, 'IPS 1', 'XI', 3, '2025-05-04 03:49:52', '2025-05-04 03:49:52'),
(29, 'IPS 2', 'XI', 3, '2025-05-04 03:49:52', '2025-05-04 03:49:52'),
(30, 'IPS 3', 'XI', 3, '2025-05-04 03:49:52', '2025-05-04 03:49:52'),
(31, 'IPS 4', 'XI', 3, '2025-05-04 03:49:52', '2025-05-04 03:49:52'),
(32, 'IPS 5', 'XI', 3, '2025-05-04 03:49:52', '2025-05-04 03:49:52'),
(33, 'IPS 1', 'XII', 3, '2025-05-04 03:49:52', '2025-05-04 03:49:52'),
(34, 'IPS 2', 'XII', 3, '2025-05-04 03:49:52', '2025-05-04 03:49:52'),
(35, 'IPS 3', 'XII', 3, '2025-05-04 03:49:52', '2025-05-04 03:49:52'),
(36, 'IPS 4', 'XII', 3, '2025-05-04 03:49:52', '2025-05-04 03:49:52'),
(37, 'IPS 5', 'XII', 30, '2025-05-04 03:49:52', '2025-05-09 06:29:23');

-- --------------------------------------------------------

--
-- Table structure for table `jobs`
--

CREATE TABLE `jobs` (
  `id` bigint(20) UNSIGNED NOT NULL,
  `queue` varchar(255) NOT NULL,
  `payload` longtext NOT NULL,
  `attempts` tinyint(3) UNSIGNED NOT NULL,
  `reserved_at` int(10) UNSIGNED DEFAULT NULL,
  `available_at` int(10) UNSIGNED NOT NULL,
  `created_at` int(10) UNSIGNED NOT NULL
) ENGINE=InnoDB DEFAULT CHARSET=utf8mb4 COLLATE=utf8mb4_unicode_ci;

-- --------------------------------------------------------

--
-- Table structure for table `job_batches`
--

CREATE TABLE `job_batches` (
  `id` varchar(255) NOT NULL,
  `name` varchar(255) NOT NULL,
  `total_jobs` int(11) NOT NULL,
  `pending_jobs` int(11) NOT NULL,
  `failed_jobs` int(11) NOT NULL,
  `failed_job_ids` longtext NOT NULL,
  `options` mediumtext DEFAULT NULL,
  `cancelled_at` int(11) DEFAULT NULL,
  `created_at` int(11) NOT NULL,
  `finished_at` int(11) DEFAULT NULL
) ENGINE=InnoDB DEFAULT CHARSET=utf8mb4 COLLATE=utf8mb4_unicode_ci;

-- --------------------------------------------------------

--
-- Table structure for table `lesson_periods`
--

CREATE TABLE `lesson_periods` (
  `id` bigint(20) UNSIGNED NOT NULL,
  `day_id` bigint(20) UNSIGNED NOT NULL,
  `period_number` int(11) NOT NULL,
  `start` time NOT NULL,
  `end` time NOT NULL,
  `created_at` timestamp NULL DEFAULT NULL,
  `updated_at` timestamp NULL DEFAULT NULL
) ENGINE=InnoDB DEFAULT CHARSET=utf8mb4 COLLATE=utf8mb4_unicode_ci;

--
-- Dumping data for table `lesson_periods`
--

INSERT INTO `lesson_periods` (`id`, `day_id`, `period_number`, `start`, `end`, `created_at`, `updated_at`) VALUES
(1, 1, 1, '06:30:00', '07:15:00', '2025-05-04 05:42:20', '2025-05-04 05:42:20'),
(2, 1, 2, '07:15:00', '08:00:00', '2025-05-04 05:42:20', '2025-05-04 05:42:20'),
(3, 1, 3, '08:00:00', '08:45:00', '2025-05-04 05:42:20', '2025-05-04 05:42:20'),
(4, 1, 4, '08:45:00', '09:30:00', '2025-05-04 05:42:20', '2025-05-04 05:42:20'),
(5, 1, 5, '09:30:00', '09:45:00', '2025-05-04 05:42:20', '2025-05-04 05:42:20'),
(6, 1, 6, '09:45:00', '10:30:00', '2025-05-04 05:42:20', '2025-05-04 05:42:20'),
(7, 1, 7, '11:15:00', '12:00:00', '2025-05-04 05:42:20', '2025-05-04 05:42:20'),
(8, 1, 8, '12:00:00', '12:45:00', '2025-05-04 05:42:20', '2025-05-04 05:42:20'),
(9, 1, 9, '12:45:00', '13:15:00', '2025-05-04 05:42:20', '2025-05-04 05:42:20'),
(10, 1, 10, '13:15:00', '14:00:00', '2025-05-04 05:42:20', '2025-05-04 05:42:20'),
(11, 1, 11, '14:00:00', '14:45:00', '2025-05-04 05:42:20', '2025-05-04 05:42:20'),
(12, 1, 12, '14:45:00', '16:00:00', '2025-05-04 05:42:20', '2025-05-04 05:42:20'),
(13, 2, 1, '06:30:00', '07:15:00', '2025-05-04 05:42:20', '2025-05-04 05:42:20'),
(14, 2, 2, '07:15:00', '08:00:00', '2025-05-04 05:42:20', '2025-05-04 05:42:20'),
(15, 2, 3, '08:00:00', '08:45:00', '2025-05-04 05:42:20', '2025-05-04 05:42:20'),
(16, 2, 4, '08:45:00', '09:30:00', '2025-05-04 05:42:20', '2025-05-04 05:42:20'),
(17, 2, 5, '09:30:00', '09:45:00', '2025-05-04 05:42:20', '2025-05-04 05:42:20'),
(18, 2, 6, '09:45:00', '10:30:00', '2025-05-04 05:42:20', '2025-05-04 05:42:20'),
(19, 2, 7, '11:15:00', '12:00:00', '2025-05-04 05:42:20', '2025-05-04 05:42:20'),
(20, 2, 8, '12:00:00', '12:45:00', '2025-05-04 05:42:20', '2025-05-04 05:42:20'),
(21, 2, 9, '12:45:00', '13:15:00', '2025-05-04 05:42:20', '2025-05-04 05:42:20'),
(22, 2, 10, '13:15:00', '14:00:00', '2025-05-04 05:42:20', '2025-05-04 05:42:20'),
(23, 2, 11, '14:00:00', '14:45:00', '2025-05-04 05:42:20', '2025-05-04 05:42:20'),
(24, 2, 12, '14:45:00', '16:00:00', '2025-05-04 05:42:20', '2025-05-04 05:42:20'),
(25, 3, 1, '06:30:00', '07:15:00', '2025-05-04 05:42:20', '2025-05-04 05:42:20'),
(26, 3, 2, '07:15:00', '08:00:00', '2025-05-04 05:42:20', '2025-05-04 05:42:20'),
(27, 3, 3, '08:00:00', '08:45:00', '2025-05-04 05:42:20', '2025-05-04 05:42:20'),
(28, 3, 4, '08:45:00', '09:30:00', '2025-05-04 05:42:20', '2025-05-04 05:42:20'),
(29, 3, 5, '09:30:00', '09:45:00', '2025-05-04 05:42:20', '2025-05-04 05:42:20'),
(30, 3, 6, '09:45:00', '10:30:00', '2025-05-04 05:42:20', '2025-05-04 05:42:20'),
(31, 3, 7, '11:15:00', '12:00:00', '2025-05-04 05:42:20', '2025-05-04 05:42:20'),
(32, 3, 8, '12:00:00', '12:45:00', '2025-05-04 05:42:20', '2025-05-04 05:42:20'),
(33, 3, 9, '12:45:00', '13:15:00', '2025-05-04 05:42:20', '2025-05-04 05:42:20'),
(34, 3, 10, '13:15:00', '14:00:00', '2025-05-04 05:42:20', '2025-05-04 05:42:20'),
(35, 3, 11, '14:00:00', '14:45:00', '2025-05-04 05:42:20', '2025-05-04 05:42:20'),
(36, 3, 12, '14:45:00', '16:00:00', '2025-05-04 05:42:20', '2025-05-04 05:42:20'),
(37, 4, 1, '06:30:00', '07:15:00', '2025-05-04 05:42:20', '2025-05-04 05:42:20'),
(38, 4, 2, '07:15:00', '08:00:00', '2025-05-04 05:42:20', '2025-05-04 05:42:20'),
(39, 4, 3, '08:00:00', '08:45:00', '2025-05-04 05:42:20', '2025-05-04 05:42:20'),
(40, 4, 4, '08:45:00', '09:30:00', '2025-05-04 05:42:20', '2025-05-04 05:42:20'),
(41, 4, 5, '09:30:00', '09:45:00', '2025-05-04 05:42:20', '2025-05-04 05:42:20'),
(42, 4, 6, '09:45:00', '10:30:00', '2025-05-04 05:42:20', '2025-05-04 05:42:20'),
(43, 4, 7, '11:15:00', '12:00:00', '2025-05-04 05:42:20', '2025-05-04 05:42:20'),
(44, 4, 8, '12:00:00', '12:45:00', '2025-05-04 05:42:20', '2025-05-04 05:42:20'),
(45, 4, 9, '12:45:00', '13:15:00', '2025-05-04 05:42:20', '2025-05-04 05:42:20'),
(46, 4, 10, '13:15:00', '14:00:00', '2025-05-04 05:42:20', '2025-05-04 05:42:20'),
(47, 4, 11, '14:00:00', '14:45:00', '2025-05-04 05:42:20', '2025-05-04 05:42:20'),
(48, 4, 12, '14:45:00', '16:00:00', '2025-05-04 05:42:20', '2025-05-04 05:42:20'),
(49, 5, 1, '06:30:00', '07:15:00', '2025-05-04 05:42:20', '2025-05-04 05:42:20'),
(50, 5, 2, '07:15:00', '08:00:00', '2025-05-04 05:42:20', '2025-05-04 05:42:20'),
(51, 5, 3, '08:00:00', '08:45:00', '2025-05-04 05:42:20', '2025-05-04 05:42:20'),
(52, 5, 4, '08:45:00', '09:30:00', '2025-05-04 05:42:20', '2025-05-04 05:42:20'),
(53, 5, 5, '09:30:00', '09:45:00', '2025-05-04 05:42:20', '2025-05-04 05:42:20'),
(54, 5, 6, '09:45:00', '10:30:00', '2025-05-04 05:42:20', '2025-05-04 05:42:20'),
(55, 5, 7, '11:15:00', '12:00:00', '2025-05-04 05:42:20', '2025-05-04 05:42:20'),
(56, 5, 8, '12:00:00', '12:45:00', '2025-05-04 05:42:20', '2025-05-04 05:42:20'),
(57, 5, 9, '12:45:00', '13:15:00', '2025-05-04 05:42:20', '2025-05-04 05:42:20'),
(58, 5, 10, '13:15:00', '14:00:00', '2025-05-04 05:42:20', '2025-05-04 05:42:20'),
(59, 5, 11, '14:00:00', '14:45:00', '2025-05-04 05:42:20', '2025-05-04 05:42:20'),
(60, 5, 12, '14:45:00', '16:00:00', '2025-05-04 05:42:20', '2025-05-04 05:42:20'),
(61, 6, 1, '06:30:00', '07:15:00', '2025-05-04 05:42:20', '2025-05-04 05:42:20'),
(62, 6, 2, '07:15:00', '08:00:00', '2025-05-04 05:42:20', '2025-05-04 05:42:20'),
(63, 6, 3, '08:00:00', '08:45:00', '2025-05-04 05:42:20', '2025-05-04 05:42:20'),
(64, 6, 4, '08:45:00', '09:30:00', '2025-05-04 05:42:20', '2025-05-04 05:42:20'),
(65, 6, 5, '09:30:00', '09:45:00', '2025-05-04 05:42:20', '2025-05-04 05:42:20'),
(66, 6, 6, '09:45:00', '10:30:00', '2025-05-04 05:42:20', '2025-05-04 05:42:20'),
(67, 6, 7, '11:15:00', '12:00:00', '2025-05-04 05:42:20', '2025-05-04 05:42:20'),
(68, 6, 8, '12:00:00', '12:45:00', '2025-05-04 05:42:20', '2025-05-04 05:42:20'),
(69, 6, 9, '12:45:00', '13:15:00', '2025-05-04 05:42:20', '2025-05-04 05:42:20'),
(70, 6, 10, '13:15:00', '14:00:00', '2025-05-04 05:42:20', '2025-05-04 05:42:20'),
(71, 6, 11, '14:00:00', '14:45:00', '2025-05-04 05:42:20', '2025-05-04 05:42:20'),
(72, 6, 12, '14:45:00', '16:00:00', '2025-05-04 05:42:20', '2025-05-04 05:42:20');

-- --------------------------------------------------------

--
-- Table structure for table `lesson_schedules`
--

CREATE TABLE `lesson_schedules` (
  `id` bigint(20) UNSIGNED NOT NULL,
  `teacher_id` bigint(20) UNSIGNED DEFAULT NULL,
  `grade_id` bigint(20) UNSIGNED NOT NULL,
  `lesson_period_id` bigint(20) UNSIGNED NOT NULL,
  `nama_kegiatan` varchar(255) DEFAULT NULL,
  `created_at` timestamp NULL DEFAULT NULL,
  `updated_at` timestamp NULL DEFAULT NULL
) ENGINE=InnoDB DEFAULT CHARSET=utf8mb4 COLLATE=utf8mb4_unicode_ci;

--
-- Dumping data for table `lesson_schedules`
--

INSERT INTO `lesson_schedules` (`id`, `teacher_id`, `grade_id`, `lesson_period_id`, `nama_kegiatan`, `created_at`, `updated_at`) VALUES
(134, NULL, 11, 1, 'Upacara', '2025-05-06 23:41:56', '2025-05-07 09:44:20'),
(135, 2, 11, 2, NULL, '2025-05-06 23:41:56', '2025-05-07 09:46:30'),
(136, 2, 11, 3, NULL, '2025-05-06 23:41:56', '2025-05-11 05:56:09'),
(137, 4, 11, 4, NULL, '2025-05-06 23:41:56', '2025-05-07 09:47:07'),
(138, NULL, 11, 5, 'Istirahat', '2025-05-06 23:41:56', '2025-05-07 09:48:21'),
(139, 2, 11, 6, NULL, '2025-05-06 23:41:56', '2025-05-11 05:56:42'),
(140, 12, 11, 7, NULL, '2025-05-06 23:41:56', '2025-05-07 06:48:14'),
(141, NULL, 11, 8, 'Istirahat', '2025-05-06 23:41:56', '2025-05-07 09:48:21'),
(142, 8, 11, 9, NULL, '2025-05-06 23:41:56', '2025-05-07 09:48:21'),
(143, 10, 11, 10, NULL, '2025-05-06 23:41:56', '2025-05-07 09:48:21'),
(144, 17, 11, 11, NULL, '2025-05-06 23:41:56', '2025-05-07 09:48:21'),
(145, 18, 11, 12, NULL, '2025-05-06 23:41:56', '2025-05-07 09:48:21'),
(155, NULL, 12, 1, 'Upacara', '2025-05-07 07:03:16', '2025-05-07 10:00:51'),
(156, 2, 12, 2, NULL, '2025-05-07 07:03:16', '2025-05-07 07:03:16'),
(157, 3, 12, 3, NULL, '2025-05-07 07:03:16', '2025-05-07 07:03:16'),
(158, 4, 12, 4, NULL, '2025-05-07 07:03:16', '2025-05-07 07:03:16'),
(159, NULL, 12, 5, 'Istirahat', '2025-05-07 07:03:16', '2025-05-07 10:00:51'),
(160, 6, 12, 6, NULL, '2025-05-07 07:03:16', '2025-05-07 07:03:16'),
(161, 7, 12, 7, NULL, '2025-05-07 07:03:16', '2025-05-07 07:03:16'),
(162, NULL, 12, 8, 'Istirahat', '2025-05-07 07:03:16', '2025-05-07 10:00:51'),
(163, 9, 12, 9, NULL, '2025-05-07 07:03:16', '2025-05-07 07:03:16'),
(164, NULL, 12, 10, NULL, '2025-05-07 07:03:16', '2025-05-07 07:03:16'),
(165, NULL, 12, 11, NULL, '2025-05-07 07:03:16', '2025-05-07 07:03:16'),
(166, NULL, 12, 12, NULL, '2025-05-07 07:03:16', '2025-05-07 07:03:16'),
(167, NULL, 11, 13, NULL, '2025-05-07 09:57:16', '2025-05-07 09:57:16'),
(168, 1, 11, 14, NULL, '2025-05-07 09:57:16', '2025-05-07 09:57:16'),
(169, 2, 11, 15, NULL, '2025-05-07 09:57:16', '2025-05-07 09:57:16'),
(170, 3, 11, 16, NULL, '2025-05-07 09:57:16', '2025-05-07 09:57:16'),
(171, NULL, 11, 17, 'Istirahat', '2025-05-07 09:57:16', '2025-05-07 09:57:16'),
(172, 11, 11, 18, NULL, '2025-05-07 09:57:16', '2025-05-07 10:00:11'),
(173, 15, 11, 19, NULL, '2025-05-07 09:57:16', '2025-05-07 10:00:11'),
(174, NULL, 11, 20, 'Istirahat', '2025-05-07 09:57:16', '2025-05-07 09:57:16'),
(175, 17, 11, 21, NULL, '2025-05-07 09:57:16', '2025-05-07 10:00:11'),
(176, 12, 11, 22, NULL, '2025-05-07 09:57:16', '2025-05-07 10:00:11'),
(177, 10, 11, 23, NULL, '2025-05-07 09:57:16', '2025-05-07 09:57:16'),
(178, 9, 11, 24, NULL, '2025-05-07 09:57:16', '2025-05-07 09:57:16'),
(179, NULL, 13, 1, NULL, '2025-05-13 00:25:45', '2025-05-13 00:25:45'),
(180, 2, 13, 2, NULL, '2025-05-13 00:25:45', '2025-05-13 00:25:45'),
(181, NULL, 13, 3, NULL, '2025-05-13 00:25:45', '2025-05-13 00:25:45'),
(182, NULL, 13, 4, NULL, '2025-05-13 00:25:45', '2025-05-13 00:25:45'),
(183, NULL, 13, 5, NULL, '2025-05-13 00:25:45', '2025-05-13 00:25:45'),
(184, NULL, 13, 6, NULL, '2025-05-13 00:25:45', '2025-05-13 00:25:45'),
(185, NULL, 13, 7, NULL, '2025-05-13 00:25:45', '2025-05-13 00:25:45'),
(186, NULL, 13, 8, NULL, '2025-05-13 00:25:45', '2025-05-13 00:25:45'),
(187, NULL, 13, 9, NULL, '2025-05-13 00:25:45', '2025-05-13 00:25:45'),
(188, NULL, 13, 10, NULL, '2025-05-13 00:25:45', '2025-05-13 00:25:45'),
(189, NULL, 13, 11, NULL, '2025-05-13 00:25:45', '2025-05-13 00:25:45'),
(190, NULL, 13, 12, NULL, '2025-05-13 00:25:45', '2025-05-13 00:25:45'),
(191, NULL, 11, 25, NULL, '2025-05-13 00:53:25', '2025-05-13 00:53:25'),
(192, NULL, 11, 26, NULL, '2025-05-13 00:53:25', '2025-05-13 00:53:25'),
(193, 2, 11, 27, NULL, '2025-05-13 00:53:25', '2025-05-13 00:53:25'),
(194, NULL, 11, 28, NULL, '2025-05-13 00:53:25', '2025-05-13 00:53:25'),
(195, NULL, 11, 29, NULL, '2025-05-13 00:53:25', '2025-05-13 00:53:25'),
(196, NULL, 11, 30, NULL, '2025-05-13 00:53:25', '2025-05-13 00:53:25'),
(197, NULL, 11, 31, NULL, '2025-05-13 00:53:25', '2025-05-13 00:53:25'),
(198, NULL, 11, 32, NULL, '2025-05-13 00:53:25', '2025-05-13 00:53:25'),
(199, NULL, 11, 33, NULL, '2025-05-13 00:53:25', '2025-05-13 00:53:25'),
(200, NULL, 11, 34, NULL, '2025-05-13 00:53:25', '2025-05-13 00:53:25'),
(201, NULL, 11, 35, NULL, '2025-05-13 00:53:25', '2025-05-13 00:53:25'),
(202, NULL, 11, 36, NULL, '2025-05-13 00:53:25', '2025-05-13 00:53:25');

-- --------------------------------------------------------

--
-- Table structure for table `migrations`
--

CREATE TABLE `migrations` (
  `id` int(10) UNSIGNED NOT NULL,
  `migration` varchar(255) NOT NULL,
  `batch` int(11) NOT NULL
) ENGINE=InnoDB DEFAULT CHARSET=utf8mb4 COLLATE=utf8mb4_unicode_ci;

--
-- Dumping data for table `migrations`
--

INSERT INTO `migrations` (`id`, `migration`, `batch`) VALUES
(2, '0001_01_01_000001_create_cache_table', 1),
(3, '0001_01_01_000002_create_jobs_table', 1),
(6, '2025_04_25_070436_create_grades_table', 1),
(7, '2025_04_25_070455_create_subjects_table', 1),
(17, '2025_04_25_070244_create_teachers_table', 4),
(18, '2025_04_25_070513_create_days_table', 5),
(19, '2025_04_25_070552_create_lesson_schedules_table', 6),
(20, '2025_05_03_101452_create_lesson_periods_table', 7),
(22, '2025_04_25_070233_create_students_table', 8),
(23, '2025_04_25_070619_create_student_attendances_table', 9),
(24, '0001_01_01_000000_create_users_table', 10);

-- --------------------------------------------------------

--
-- Table structure for table `password_reset_tokens`
--

CREATE TABLE `password_reset_tokens` (
  `email` varchar(255) NOT NULL,
  `token` varchar(255) NOT NULL,
  `created_at` timestamp NULL DEFAULT NULL
) ENGINE=InnoDB DEFAULT CHARSET=utf8mb4 COLLATE=utf8mb4_unicode_ci;

-- --------------------------------------------------------

--
-- Table structure for table `sessions`
--

CREATE TABLE `sessions` (
  `id` varchar(255) NOT NULL,
  `user_id` bigint(20) UNSIGNED DEFAULT NULL,
  `ip_address` varchar(45) DEFAULT NULL,
  `user_agent` text DEFAULT NULL,
  `payload` longtext NOT NULL,
  `last_activity` int(11) NOT NULL
) ENGINE=InnoDB DEFAULT CHARSET=utf8mb4 COLLATE=utf8mb4_unicode_ci;

--
-- Dumping data for table `sessions`
--

INSERT INTO `sessions` (`id`, `user_id`, `ip_address`, `user_agent`, `payload`, `last_activity`) VALUES
('LC1UoxpqIuhQOEIHoLeUO19Rx4ZauHG5dTyDGyj3', 22, '127.0.0.1', 'Mozilla/5.0 (Windows NT 10.0; Win64; x64) AppleWebKit/537.36 (KHTML, like Gecko) Chrome/136.0.0.0 Safari/537.36', 'YTo1OntzOjY6Il90b2tlbiI7czo0MDoid1pCbkJuRTFnTXZ6bG9qQWw0ZG9EaGdIaXFvYmlFVGE4NmlLTGFLbSI7czo2OiJfZmxhc2giO2E6Mjp7czozOiJvbGQiO2E6MDp7fXM6MzoibmV3IjthOjA6e319czozOiJ1cmwiO2E6MDp7fXM6OToiX3ByZXZpb3VzIjthOjE6e3M6MzoidXJsIjtzOjMxOiJodHRwOi8vMTI3LjAuMC4xOjgwMDAvZGFzaGJvYXJkIjt9czo1MDoibG9naW5fd2ViXzU5YmEzNmFkZGMyYjJmOTQwMTU4MGYwMTRjN2Y1OGVhNGUzMDk4OWQiO2k6MjI7fQ==', 1747500757);

-- --------------------------------------------------------

--
-- Table structure for table `students`
--

CREATE TABLE `students` (
  `id` bigint(20) UNSIGNED NOT NULL,
  `grade_id` bigint(20) UNSIGNED NOT NULL,
  `nisn` varchar(10) NOT NULL,
  `name` varchar(100) NOT NULL,
  `tempat_lhr` varchar(100) DEFAULT NULL,
  `tanggal_lhr` date DEFAULT NULL,
  `jenis_kelamin` enum('Laki-laki','Perempuan') NOT NULL DEFAULT 'Laki-laki',
  `deleted_at` timestamp NULL DEFAULT NULL,
  `created_at` timestamp NULL DEFAULT NULL,
  `updated_at` timestamp NULL DEFAULT NULL
) ENGINE=InnoDB DEFAULT CHARSET=utf8mb4 COLLATE=utf8mb4_unicode_ci;

--
-- Dumping data for table `students`
--

INSERT INTO `students` (`id`, `grade_id`, `nisn`, `name`, `tempat_lhr`, `tanggal_lhr`, `jenis_kelamin`, `deleted_at`, `created_at`, `updated_at`) VALUES
(1, 11, '9655199158', 'Mr. Osvaldo Johnson PhD', 'Padang', '2004-01-01', 'Laki-laki', NULL, '2025-05-11 04:11:16', '2025-05-11 04:11:16'),
(2, 11, '2178629400', 'Dr. Emmett Reichert PhD', 'Padang', '2004-01-01', 'Laki-laki', NULL, '2025-05-11 04:11:16', '2025-05-11 04:11:16'),
(3, 11, '3358148328', 'Wyman Lind', 'Padang', '2004-01-01', 'Laki-laki', NULL, '2025-05-11 04:11:16', '2025-05-11 04:11:16'),
(4, 11, '5438090602', 'Isai Leannon', 'Padang', '2004-01-01', 'Perempuan', NULL, '2025-05-11 04:11:16', '2025-05-11 04:11:16'),
(5, 11, '1365095941', 'Emmet Tillman Jr.', 'Padang', '2004-01-01', 'Laki-laki', NULL, '2025-05-11 04:11:16', '2025-05-11 04:11:16'),
(6, 11, '5494385924', 'Dr. Percival Hand DVM', 'Padang', '2004-01-01', 'Laki-laki', NULL, '2025-05-11 04:11:16', '2025-05-11 04:11:16'),
(7, 11, '3162479206', 'Trisha Renner', 'Padang', '2004-01-01', 'Perempuan', NULL, '2025-05-11 04:11:16', '2025-05-11 04:11:16'),
(8, 11, '6876628309', 'Antonia Weimann', 'Padang', '2004-01-01', 'Laki-laki', NULL, '2025-05-11 04:11:16', '2025-05-11 04:11:16'),
(9, 11, '4507425526', 'Ryder Zulauf', 'Padang', '2004-01-01', 'Perempuan', NULL, '2025-05-11 04:11:16', '2025-05-11 04:11:16'),
(10, 11, '6875016537', 'Buddy Sauer', 'Padang', '2004-01-01', 'Laki-laki', NULL, '2025-05-11 04:11:16', '2025-05-11 04:11:16'),
(11, 11, '5119329025', 'Dr. Dariana Green', 'Padang', '2004-01-01', 'Laki-laki', NULL, '2025-05-11 04:11:16', '2025-05-11 04:11:16'),
(12, 11, '3413822451', 'Sherman Beahan', 'Padang', '2004-01-01', 'Laki-laki', NULL, '2025-05-11 04:11:16', '2025-05-11 04:11:16'),
(13, 11, '2236056402', 'Ora Ortiz II', 'Padang', '2004-01-01', 'Perempuan', NULL, '2025-05-11 04:11:16', '2025-05-11 04:11:16'),
(14, 11, '7498829982', 'Prof. Lance Greenholt III', 'Padang', '2004-01-01', 'Perempuan', NULL, '2025-05-11 04:11:16', '2025-05-11 04:11:16'),
(15, 11, '7449105781', 'Aleen Gutkowski', 'Padang', '2004-01-01', 'Laki-laki', NULL, '2025-05-11 04:11:16', '2025-05-11 04:11:16'),
(16, 12, '4438158026', 'Danika VonRueden', 'Padang', '2004-01-01', 'Perempuan', NULL, '2025-05-11 04:11:16', '2025-05-11 04:11:16'),
(17, 12, '8033041051', 'Dr. Bernadette Cummings PhD', 'Padang', '2004-01-01', 'Laki-laki', NULL, '2025-05-11 04:11:16', '2025-05-11 04:11:16'),
(18, 12, '7772185920', 'Brianne Baumbach I', 'Padang', '2004-01-01', 'Perempuan', NULL, '2025-05-11 04:11:16', '2025-05-11 04:11:16'),
(19, 12, '2785653853', 'Lupe Zulauf', 'Padang', '2004-01-01', 'Perempuan', NULL, '2025-05-11 04:11:16', '2025-05-11 04:11:16'),
(20, 12, '4036220360', 'Margret Macejkovic', 'Padang', '2004-01-01', 'Laki-laki', NULL, '2025-05-11 04:11:16', '2025-05-11 04:11:16'),
(21, 12, '4070660751', 'Lonzo Ziemann', 'Padang', '2004-01-01', 'Laki-laki', NULL, '2025-05-11 04:11:16', '2025-05-11 04:11:16'),
(22, 12, '4896448752', 'Dr. Hobart Shanahan', 'Padang', '2004-01-01', 'Perempuan', NULL, '2025-05-11 04:11:16', '2025-05-11 04:11:16'),
(23, 12, '9781716582', 'Prof. Devan Gleason', 'Padang', '2004-01-01', 'Laki-laki', NULL, '2025-05-11 04:11:16', '2025-05-11 04:11:16'),
(24, 12, '3798505739', 'Maeve Kirlin', 'Padang', '2004-01-01', 'Laki-laki', NULL, '2025-05-11 04:11:16', '2025-05-11 04:11:16'),
(25, 12, '3303440550', 'Hayley Wunsch', 'Padang', '2004-01-01', 'Perempuan', NULL, '2025-05-11 04:11:16', '2025-05-11 04:11:16'),
(26, 12, '1830128649', 'Anahi Satterfield', 'Padang', '2004-01-01', 'Perempuan', NULL, '2025-05-11 04:11:16', '2025-05-11 04:11:16'),
(27, 12, '4936807450', 'Mckenna Sawayn III', 'Padang', '2004-01-01', 'Perempuan', NULL, '2025-05-11 04:11:16', '2025-05-11 04:11:16'),
(28, 12, '7769125033', 'Miss Libbie Sawayn DVM', 'Padang', '2004-01-01', 'Laki-laki', NULL, '2025-05-11 04:11:16', '2025-05-11 04:11:16'),
(29, 12, '8462088692', 'Gene Ruecker', 'Padang', '2004-01-01', 'Laki-laki', NULL, '2025-05-11 04:11:16', '2025-05-11 04:11:16'),
(30, 12, '5175735135', 'Bradly Herzog', 'Padang', '2004-01-01', 'Perempuan', NULL, '2025-05-11 04:11:16', '2025-05-11 04:11:16'),
(31, 13, '8290716630', 'Arvel Hodkiewicz', 'Padang', '2004-01-01', 'Laki-laki', NULL, '2025-05-11 04:11:16', '2025-05-11 04:11:16'),
(32, 13, '9591593769', 'Roscoe Deckow I', 'Padang', '2004-01-01', 'Perempuan', NULL, '2025-05-11 04:11:16', '2025-05-11 04:11:16'),
(33, 13, '1774538458', 'Eldridge Yundt IV', 'Padang', '2004-01-01', 'Laki-laki', NULL, '2025-05-11 04:11:16', '2025-05-11 04:11:16'),
(34, 13, '3093770633', 'Danny Pouros', 'Padang', '2004-01-01', 'Perempuan', NULL, '2025-05-11 04:11:16', '2025-05-11 04:11:16'),
(35, 13, '3064499298', 'Dr. Fabian Crona II', 'Padang', '2004-01-01', 'Laki-laki', NULL, '2025-05-11 04:11:16', '2025-05-11 04:11:16'),
(36, 13, '1662747348', 'Mrs. Frieda Kulas MD', 'Padang', '2004-01-01', 'Laki-laki', NULL, '2025-05-11 04:11:16', '2025-05-11 04:11:16'),
(37, 13, '1889267022', 'Mrs. Sophia Turner', 'Padang', '2004-01-01', 'Laki-laki', NULL, '2025-05-11 04:11:16', '2025-05-11 04:11:16'),
(38, 13, '5024951427', 'Prof. Veda Cassin', 'Padang', '2004-01-01', 'Laki-laki', NULL, '2025-05-11 04:11:16', '2025-05-11 04:11:16'),
(39, 13, '3069017372', 'Ms. Rossie Jakubowski', 'Padang', '2004-01-01', 'Laki-laki', NULL, '2025-05-11 04:11:16', '2025-05-11 04:11:16'),
(40, 13, '2167727446', 'Lorena Littel', 'Padang', '2004-01-01', 'Laki-laki', NULL, '2025-05-11 04:11:16', '2025-05-11 04:11:16'),
(41, 13, '6438767619', 'Dr. Melvin Roberts DDS', 'Padang', '2004-01-01', 'Perempuan', NULL, '2025-05-11 04:11:16', '2025-05-11 04:11:16'),
(42, 13, '5981010235', 'Asha Koss', 'Padang', '2004-01-01', 'Perempuan', NULL, '2025-05-11 04:11:16', '2025-05-11 04:11:16'),
(43, 13, '2604183939', 'Antonetta Ritchie', 'Padang', '2004-01-01', 'Laki-laki', NULL, '2025-05-11 04:11:16', '2025-05-11 04:11:16'),
(44, 13, '6545779401', 'Abigayle Bednar', 'Padang', '2004-01-01', 'Perempuan', NULL, '2025-05-11 04:11:16', '2025-05-11 04:11:16'),
(45, 13, '7686198273', 'Mr. Ryann Jacobson DVM', 'Padang', '2004-01-01', 'Laki-laki', NULL, '2025-05-11 04:11:16', '2025-05-11 04:11:16'),
(46, 14, '8201817089', 'Roxanne Fay', 'Padang', '2004-01-01', 'Perempuan', NULL, '2025-05-11 04:11:16', '2025-05-11 04:11:16'),
(47, 14, '9714545240', 'Thelma Graham', 'Padang', '2004-01-01', 'Laki-laki', NULL, '2025-05-11 04:11:16', '2025-05-11 04:11:16'),
(48, 14, '6346817485', 'Prof. Mozelle Fadel DVM', 'Padang', '2004-01-01', 'Laki-laki', NULL, '2025-05-11 04:11:16', '2025-05-11 04:11:16'),
(49, 14, '1544383852', 'Prof. Presley Hoppe DDS', 'Padang', '2004-01-01', 'Perempuan', NULL, '2025-05-11 04:11:16', '2025-05-11 04:11:16'),
(50, 14, '8998366630', 'Prof. Jessica Cronin Sr.', 'Padang', '2004-01-01', 'Laki-laki', NULL, '2025-05-11 04:11:16', '2025-05-11 04:11:16'),
(51, 14, '2683644296', 'Alexa Paucek', 'Padang', '2004-01-01', 'Laki-laki', NULL, '2025-05-11 04:11:16', '2025-05-11 04:11:16'),
(52, 14, '4496519232', 'Hollie Raynor IV', 'Padang', '2004-01-01', 'Laki-laki', NULL, '2025-05-11 04:11:16', '2025-05-11 04:11:16'),
(53, 14, '6339781785', 'Maiya McKenzie', 'Padang', '2004-01-01', 'Laki-laki', NULL, '2025-05-11 04:11:16', '2025-05-11 04:11:16'),
(54, 14, '1732524165', 'Modesta Buckridge', 'Padang', '2004-01-01', 'Laki-laki', NULL, '2025-05-11 04:11:16', '2025-05-11 04:11:16'),
(55, 14, '6543840268', 'Tyler Nader', 'Padang', '2004-01-01', 'Perempuan', NULL, '2025-05-11 04:11:16', '2025-05-11 04:11:16'),
(56, 14, '7299844031', 'Prof. Trycia White', 'Padang', '2004-01-01', 'Laki-laki', NULL, '2025-05-11 04:11:16', '2025-05-11 04:11:16'),
(57, 14, '9774699647', 'Dr. Haley Boyle II', 'Padang', '2004-01-01', 'Laki-laki', NULL, '2025-05-11 04:11:16', '2025-05-11 04:11:16'),
(58, 14, '6452790198', 'Devonte Beatty', 'Padang', '2004-01-01', 'Laki-laki', NULL, '2025-05-11 04:11:16', '2025-05-11 04:11:16'),
(59, 14, '6143284311', 'Henderson Nicolas', 'Padang', '2004-01-01', 'Perempuan', NULL, '2025-05-11 04:11:16', '2025-05-11 04:11:16'),
(60, 14, '3258710125', 'Peyton Cormier', 'Padang', '2004-01-01', 'Perempuan', NULL, '2025-05-11 04:11:16', '2025-05-11 04:11:16'),
(61, 15, '9343016689', 'Dr. Andreanne Pfannerstill IV', 'Padang', '2004-01-01', 'Perempuan', NULL, '2025-05-11 04:11:16', '2025-05-11 04:11:16'),
(62, 15, '3203674480', 'Mrs. Antonetta Mitchell I', 'Padang', '2004-01-01', 'Perempuan', NULL, '2025-05-11 04:11:16', '2025-05-11 04:11:16'),
(63, 15, '9566279001', 'Roman Reichel', 'Padang', '2004-01-01', 'Perempuan', NULL, '2025-05-11 04:11:16', '2025-05-11 04:11:16'),
(64, 15, '7182115510', 'Prof. Hettie Feest Jr.', 'Padang', '2004-01-01', 'Perempuan', NULL, '2025-05-11 04:11:16', '2025-05-11 04:11:16'),
(65, 15, '8366769900', 'Hassie Champlin', 'Padang', '2004-01-01', 'Perempuan', NULL, '2025-05-11 04:11:16', '2025-05-11 04:11:16'),
(66, 15, '3205223305', 'Dr. Crawford Bechtelar', 'Padang', '2004-01-01', 'Laki-laki', NULL, '2025-05-11 04:11:16', '2025-05-11 04:11:16'),
(67, 15, '9339401633', 'Virginie Stehr', 'Padang', '2004-01-01', 'Perempuan', NULL, '2025-05-11 04:11:16', '2025-05-11 04:11:16'),
(68, 15, '4682223936', 'Astrid Torp', 'Padang', '2004-01-01', 'Perempuan', NULL, '2025-05-11 04:11:16', '2025-05-11 04:11:16'),
(69, 15, '2471714900', 'Magdalen Graham Jr.', 'Padang', '2004-01-01', 'Perempuan', NULL, '2025-05-11 04:11:16', '2025-05-11 04:11:16'),
(70, 15, '9318338385', 'Miss Janet Koepp', 'Padang', '2004-01-01', 'Perempuan', NULL, '2025-05-11 04:11:16', '2025-05-11 04:11:16'),
(71, 15, '6973831130', 'Rhoda Terry', 'Padang', '2004-01-01', 'Laki-laki', NULL, '2025-05-11 04:11:16', '2025-05-11 04:11:16'),
(72, 15, '2699989787', 'Raegan Mohr', 'Padang', '2004-01-01', 'Laki-laki', NULL, '2025-05-11 04:11:16', '2025-05-11 04:11:16'),
(73, 15, '5547517454', 'Jamarcus Wehner', 'Padang', '2004-01-01', 'Laki-laki', NULL, '2025-05-11 04:11:16', '2025-05-11 04:11:16'),
(74, 15, '8107147455', 'Ariane Dicki', 'Padang', '2004-01-01', 'Laki-laki', NULL, '2025-05-11 04:11:16', '2025-05-11 04:11:16'),
(75, 15, '8745787013', 'Miss Elvie Graham DDS', 'Padang', '2004-01-01', 'Laki-laki', NULL, '2025-05-11 04:11:16', '2025-05-11 04:11:16'),
(76, 16, '8439743509', 'Cloyd Schuster', 'Padang', '2004-01-01', 'Laki-laki', NULL, '2025-05-11 04:11:16', '2025-05-11 04:11:16'),
(77, 16, '6550770176', 'Kiara Sporer I', 'Padang', '2004-01-01', 'Laki-laki', NULL, '2025-05-11 04:11:16', '2025-05-11 04:11:16'),
(78, 16, '6207452356', 'Lula Quigley Sr.', 'Padang', '2004-01-01', 'Laki-laki', NULL, '2025-05-11 04:11:16', '2025-05-11 04:11:16'),
(79, 16, '5804976611', 'Prof. Samantha Batz IV', 'Padang', '2004-01-01', 'Perempuan', NULL, '2025-05-11 04:11:16', '2025-05-11 04:11:16'),
(80, 16, '3280639755', 'Dr. Moises Nolan Sr.', 'Padang', '2004-01-01', 'Laki-laki', NULL, '2025-05-11 04:11:16', '2025-05-11 04:11:16'),
(81, 16, '3531515903', 'Sydnee Dare Jr.', 'Padang', '2004-01-01', 'Laki-laki', NULL, '2025-05-11 04:11:16', '2025-05-11 04:11:16'),
(82, 16, '9912070808', 'Miss Pamela Oberbrunner', 'Padang', '2004-01-01', 'Perempuan', NULL, '2025-05-11 04:11:16', '2025-05-11 04:11:16'),
(83, 16, '7140079494', 'Wiley Lowe', 'Padang', '2004-01-01', 'Perempuan', NULL, '2025-05-11 04:11:16', '2025-05-11 04:11:16'),
(84, 16, '3559481281', 'Mina Thiel', 'Padang', '2004-01-01', 'Laki-laki', NULL, '2025-05-11 04:11:16', '2025-05-11 04:11:16'),
(85, 16, '7330452907', 'Dr. Reginald Stracke', 'Padang', '2004-01-01', 'Perempuan', NULL, '2025-05-11 04:11:16', '2025-05-11 04:11:16'),
(86, 16, '8835380834', 'Jesse Wehner I', 'Padang', '2004-01-01', 'Laki-laki', NULL, '2025-05-11 04:11:16', '2025-05-11 04:11:16'),
(87, 16, '6978588018', 'Prof. Adell Daniel', 'Padang', '2004-01-01', 'Perempuan', NULL, '2025-05-11 04:11:16', '2025-05-11 04:11:16'),
(88, 16, '4923730019', 'Dr. Mario Howell DVM', 'Padang', '2004-01-01', 'Perempuan', NULL, '2025-05-11 04:11:16', '2025-05-11 04:11:16'),
(89, 16, '2286810885', 'Manuela Hoeger', 'Padang', '2004-01-01', 'Laki-laki', NULL, '2025-05-11 04:11:16', '2025-05-11 04:11:16'),
(90, 16, '4738597745', 'Jasmin Ebert', 'Padang', '2004-01-01', 'Perempuan', NULL, '2025-05-11 04:11:16', '2025-05-11 04:11:16'),
(91, 17, '4152281160', 'Kiara Heaney IV', 'Padang', '2004-01-01', 'Laki-laki', NULL, '2025-05-11 04:11:16', '2025-05-11 04:11:16'),
(92, 17, '6605971520', 'Davion Brown', 'Padang', '2004-01-01', 'Laki-laki', NULL, '2025-05-11 04:11:16', '2025-05-11 04:11:16'),
(93, 17, '9548416715', 'Electa Considine', 'Padang', '2004-01-01', 'Perempuan', NULL, '2025-05-11 04:11:16', '2025-05-11 04:11:16'),
(94, 17, '4281177580', 'Camren Haley', 'Padang', '2004-01-01', 'Laki-laki', NULL, '2025-05-11 04:11:16', '2025-05-11 04:11:16'),
(95, 17, '3443643259', 'Ms. Fannie Prosacco', 'Padang', '2004-01-01', 'Perempuan', NULL, '2025-05-11 04:11:16', '2025-05-11 04:11:16'),
(96, 17, '7339453805', 'Walker Durgan', 'Padang', '2004-01-01', 'Perempuan', NULL, '2025-05-11 04:11:16', '2025-05-11 04:11:16'),
(97, 17, '5856217659', 'Justyn Hessel', 'Padang', '2004-01-01', 'Perempuan', NULL, '2025-05-11 04:11:16', '2025-05-11 04:11:16'),
(98, 17, '4927880248', 'Prof. Unique Maggio MD', 'Padang', '2004-01-01', 'Perempuan', NULL, '2025-05-11 04:11:16', '2025-05-11 04:11:16'),
(99, 17, '5217531814', 'Barney Beer', 'Padang', '2004-01-01', 'Perempuan', NULL, '2025-05-11 04:11:16', '2025-05-11 04:11:16'),
(100, 17, '8917261042', 'Dr. Santos Block', 'Padang', '2004-01-01', 'Laki-laki', NULL, '2025-05-11 04:11:16', '2025-05-11 04:11:16'),
(101, 17, '6006237776', 'Mr. Jaden West III', 'Padang', '2004-01-01', 'Perempuan', NULL, '2025-05-11 04:11:16', '2025-05-11 04:11:16'),
(102, 17, '9436066962', 'Maggie Grant', 'Padang', '2004-01-01', 'Perempuan', NULL, '2025-05-11 04:11:16', '2025-05-11 04:11:16'),
(103, 17, '1079817959', 'Mr. Jean Abernathy Jr.', 'Padang', '2004-01-01', 'Perempuan', NULL, '2025-05-11 04:11:16', '2025-05-11 04:11:16'),
(104, 17, '4813592980', 'Kianna Dare', 'Padang', '2004-01-01', 'Laki-laki', NULL, '2025-05-11 04:11:16', '2025-05-11 04:11:16'),
(105, 17, '1440579972', 'Brook Rutherford', 'Padang', '2004-01-01', 'Perempuan', NULL, '2025-05-11 04:11:16', '2025-05-11 04:11:16'),
(106, 18, '8985710120', 'Zoe Dietrich PhD', 'Padang', '2004-01-01', 'Perempuan', NULL, '2025-05-11 04:11:16', '2025-05-11 04:11:16'),
(107, 18, '3146447566', 'Wilfredo Bednar', 'Padang', '2004-01-01', 'Perempuan', NULL, '2025-05-11 04:11:16', '2025-05-11 04:11:16'),
(108, 18, '7298199068', 'Maud Kling', 'Padang', '2004-01-01', 'Laki-laki', NULL, '2025-05-11 04:11:16', '2025-05-11 04:11:16'),
(109, 18, '7008898036', 'Dr. Tobin Wolff', 'Padang', '2004-01-01', 'Laki-laki', NULL, '2025-05-11 04:11:16', '2025-05-11 04:11:16'),
(110, 18, '7899913522', 'Hector Zemlak DVM', 'Padang', '2004-01-01', 'Perempuan', NULL, '2025-05-11 04:11:16', '2025-05-11 04:11:16'),
(111, 18, '3713489561', 'Alivia Kuhlman II', 'Padang', '2004-01-01', 'Perempuan', NULL, '2025-05-11 04:11:16', '2025-05-11 04:11:16'),
(112, 18, '8726872834', 'Mr. Louisa Carroll V', 'Padang', '2004-01-01', 'Laki-laki', NULL, '2025-05-11 04:11:16', '2025-05-11 04:11:16'),
(113, 18, '9080104670', 'Isom Lynch', 'Padang', '2004-01-01', 'Laki-laki', NULL, '2025-05-11 04:11:16', '2025-05-11 04:11:16'),
(114, 18, '8070405793', 'Monserrate Collier', 'Padang', '2004-01-01', 'Perempuan', NULL, '2025-05-11 04:11:16', '2025-05-11 04:11:16'),
(115, 18, '3564413296', 'Prof. Ahmed Eichmann II', 'Padang', '2004-01-01', 'Perempuan', NULL, '2025-05-11 04:11:16', '2025-05-11 04:11:16'),
(116, 18, '2112951215', 'Carmel Boehm', 'Padang', '2004-01-01', 'Laki-laki', NULL, '2025-05-11 04:11:16', '2025-05-11 04:11:16'),
(117, 18, '7135242210', 'Dr. Jefferey Crona PhD', 'Padang', '2004-01-01', 'Perempuan', NULL, '2025-05-11 04:11:16', '2025-05-11 04:11:16'),
(118, 18, '9303732982', 'Jennings Nikolaus', 'Padang', '2004-01-01', 'Perempuan', NULL, '2025-05-11 04:11:16', '2025-05-11 04:11:16'),
(119, 18, '2415634872', 'Prof. Jenifer Hammes', 'Padang', '2004-01-01', 'Laki-laki', NULL, '2025-05-11 04:11:16', '2025-05-11 04:11:16'),
(120, 18, '6142623218', 'Athena Oberbrunner', 'Padang', '2004-01-01', 'Laki-laki', NULL, '2025-05-11 04:11:16', '2025-05-11 04:11:16'),
(121, 19, '4968622822', 'Norris Fadel II', 'Padang', '2004-01-01', 'Perempuan', NULL, '2025-05-11 04:11:16', '2025-05-11 04:11:16'),
(122, 19, '9820856890', 'Reece Witting', 'Padang', '2004-01-01', 'Laki-laki', NULL, '2025-05-11 04:11:16', '2025-05-11 04:11:16'),
(123, 19, '1422040181', 'Megane Lemke', 'Padang', '2004-01-01', 'Laki-laki', NULL, '2025-05-11 04:11:16', '2025-05-11 04:11:16'),
(124, 19, '2139664185', 'Dr. Darrion Zieme', 'Padang', '2004-01-01', 'Perempuan', NULL, '2025-05-11 04:11:16', '2025-05-11 04:11:16'),
(125, 19, '2999248536', 'Dr. Kiarra Parisian PhD', 'Padang', '2004-01-01', 'Perempuan', NULL, '2025-05-11 04:11:16', '2025-05-11 04:11:16'),
(126, 19, '8289756915', 'Miss Lorine Shields', 'Padang', '2004-01-01', 'Perempuan', NULL, '2025-05-11 04:11:16', '2025-05-11 04:11:16'),
(127, 19, '8366614106', 'Filiberto Rau', 'Padang', '2004-01-01', 'Perempuan', NULL, '2025-05-11 04:11:16', '2025-05-11 04:11:16'),
(128, 19, '7052793892', 'Sigurd Corkery II', 'Padang', '2004-01-01', 'Perempuan', NULL, '2025-05-11 04:11:16', '2025-05-11 04:11:16'),
(129, 19, '7910167634', 'Florence Von', 'Padang', '2004-01-01', 'Laki-laki', NULL, '2025-05-11 04:11:16', '2025-05-11 04:11:16'),
(130, 19, '5860431495', 'Ernesto Thiel', 'Padang', '2004-01-01', 'Laki-laki', NULL, '2025-05-11 04:11:16', '2025-05-11 04:11:16'),
(131, 19, '5283351868', 'Dr. Ryleigh Okuneva PhD', 'Padang', '2004-01-01', 'Perempuan', NULL, '2025-05-11 04:11:16', '2025-05-11 04:11:16'),
(132, 19, '4670424232', 'Melany Schmidt', 'Padang', '2004-01-01', 'Perempuan', NULL, '2025-05-11 04:11:16', '2025-05-11 04:11:16'),
(133, 19, '2593571542', 'Jasmin Leannon', 'Padang', '2004-01-01', 'Laki-laki', NULL, '2025-05-11 04:11:17', '2025-05-11 04:11:17'),
(134, 19, '6580753470', 'Jerad Monahan II', 'Padang', '2004-01-01', 'Perempuan', NULL, '2025-05-11 04:11:17', '2025-05-11 04:11:17'),
(135, 19, '6685669330', 'Miss Carlee Nienow V', 'Padang', '2004-01-01', 'Perempuan', NULL, '2025-05-11 04:11:17', '2025-05-11 04:11:17'),
(136, 20, '3567472244', 'Raphaelle Simonis', 'Padang', '2004-01-01', 'Laki-laki', NULL, '2025-05-11 04:11:17', '2025-05-11 04:11:17'),
(137, 20, '8171229296', 'Prof. Mervin Deckow', 'Padang', '2004-01-01', 'Laki-laki', NULL, '2025-05-11 04:11:17', '2025-05-11 04:11:17'),
(138, 20, '6419546530', 'Cornelius Moen', 'Padang', '2004-01-01', 'Perempuan', NULL, '2025-05-11 04:11:17', '2025-05-11 04:11:17'),
(139, 20, '5193141332', 'Marilou McCullough IV', 'Padang', '2004-01-01', 'Perempuan', NULL, '2025-05-11 04:11:17', '2025-05-11 04:11:17'),
(140, 20, '3822041497', 'Mr. Eduardo Labadie', 'Padang', '2004-01-01', 'Laki-laki', NULL, '2025-05-11 04:11:17', '2025-05-11 04:11:17'),
(141, 20, '4471605036', 'Frieda Hermiston', 'Padang', '2004-01-01', 'Perempuan', NULL, '2025-05-11 04:11:17', '2025-05-11 04:11:17'),
(142, 20, '3929523974', 'Dr. Freeman Upton I', 'Padang', '2004-01-01', 'Perempuan', NULL, '2025-05-11 04:11:17', '2025-05-11 04:11:17'),
(143, 20, '1557256706', 'Ms. Sarina Lang Jr.', 'Padang', '2004-01-01', 'Perempuan', NULL, '2025-05-11 04:11:17', '2025-05-11 04:11:17'),
(144, 20, '3371830428', 'Prof. Margarete Rath', 'Padang', '2004-01-01', 'Laki-laki', NULL, '2025-05-11 04:11:17', '2025-05-11 04:11:17'),
(145, 20, '5655657026', 'Forest Hill', 'Padang', '2004-01-01', 'Perempuan', NULL, '2025-05-11 04:11:17', '2025-05-11 04:11:17'),
(146, 20, '9561702911', 'Vladimir Lakin', 'Padang', '2004-01-01', 'Laki-laki', NULL, '2025-05-11 04:11:17', '2025-05-11 04:11:17'),
(147, 20, '6038000458', 'Ms. Yasmeen Kuphal I', 'Padang', '2004-01-01', 'Perempuan', NULL, '2025-05-11 04:11:17', '2025-05-11 04:11:17'),
(148, 20, '3691544682', 'Emelia Toy', 'Padang', '2004-01-01', 'Laki-laki', NULL, '2025-05-11 04:11:17', '2025-05-11 04:11:17'),
(149, 20, '9614218764', 'Kade Goyette V', 'Padang', '2004-01-01', 'Laki-laki', NULL, '2025-05-11 04:11:17', '2025-05-11 04:11:17'),
(150, 20, '4780923293', 'Kendrick Frami II', 'Padang', '2004-01-01', 'Perempuan', NULL, '2025-05-11 04:11:17', '2025-05-11 04:11:17'),
(151, 21, '7146980484', 'Miss Christine Maggio Jr.', 'Padang', '2004-01-01', 'Perempuan', NULL, '2025-05-11 04:11:17', '2025-05-11 04:11:17'),
(152, 21, '9107726019', 'Dr. Amos Altenwerth MD', 'Padang', '2004-01-01', 'Laki-laki', NULL, '2025-05-11 04:11:17', '2025-05-11 04:11:17'),
(153, 21, '9997167011', 'Mr. Madison Hagenes PhD', 'Padang', '2004-01-01', 'Perempuan', NULL, '2025-05-11 04:11:17', '2025-05-11 04:11:17'),
(154, 21, '5549947285', 'Ms. Adrianna Williamson IV', 'Padang', '2004-01-01', 'Laki-laki', NULL, '2025-05-11 04:11:17', '2025-05-11 04:11:17'),
(155, 21, '7374761683', 'Dayana Ruecker', 'Padang', '2004-01-01', 'Laki-laki', NULL, '2025-05-11 04:11:17', '2025-05-11 04:11:17'),
(156, 21, '3082033602', 'Dr. Shea Pfannerstill', 'Padang', '2004-01-01', 'Perempuan', NULL, '2025-05-11 04:11:17', '2025-05-11 04:11:17'),
(157, 21, '4623153640', 'Eda Orn', 'Padang', '2004-01-01', 'Laki-laki', NULL, '2025-05-11 04:11:17', '2025-05-11 04:11:17'),
(158, 21, '8684460040', 'Maxine Bernier', 'Padang', '2004-01-01', 'Perempuan', NULL, '2025-05-11 04:11:17', '2025-05-11 04:11:17'),
(159, 21, '6682505767', 'Leonora Zboncak', 'Padang', '2004-01-01', 'Laki-laki', NULL, '2025-05-11 04:11:17', '2025-05-11 04:11:17'),
(160, 21, '6539539868', 'Juliet West IV', 'Padang', '2004-01-01', 'Perempuan', NULL, '2025-05-11 04:11:17', '2025-05-11 04:11:17'),
(161, 21, '2443215204', 'Norval O\'Kon', 'Padang', '2004-01-01', 'Laki-laki', NULL, '2025-05-11 04:11:17', '2025-05-11 04:11:17'),
(162, 21, '5868798698', 'Dr. Adonis Buckridge I', 'Padang', '2004-01-01', 'Perempuan', NULL, '2025-05-11 04:11:17', '2025-05-11 04:11:17'),
(163, 21, '9036516633', 'Dr. Alene Borer', 'Padang', '2004-01-01', 'Perempuan', NULL, '2025-05-11 04:11:17', '2025-05-11 04:11:17'),
(164, 21, '6621463820', 'Ike Marks', 'Padang', '2004-01-01', 'Laki-laki', NULL, '2025-05-11 04:11:17', '2025-05-11 04:11:17'),
(165, 21, '3576215241', 'Prof. Tanner Schulist', 'Padang', '2004-01-01', 'Laki-laki', NULL, '2025-05-11 04:11:17', '2025-05-11 04:11:17'),
(166, 22, '3151414771', 'Prof. Loyal Fisher Sr.', 'Padang', '2004-01-01', 'Perempuan', NULL, '2025-05-11 04:11:17', '2025-05-11 04:11:17'),
(167, 22, '2466278931', 'Mrs. Shea Breitenberg III', 'Padang', '2004-01-01', 'Perempuan', NULL, '2025-05-11 04:11:17', '2025-05-11 04:11:17'),
(168, 22, '6482687193', 'Jesse Gleason IV', 'Padang', '2004-01-01', 'Laki-laki', NULL, '2025-05-11 04:11:17', '2025-05-11 04:11:17'),
(169, 22, '5153510115', 'Fabiola Homenick', 'Padang', '2004-01-01', 'Perempuan', NULL, '2025-05-11 04:11:17', '2025-05-11 04:11:17'),
(170, 22, '7520043066', 'Trever Metz PhD', 'Padang', '2004-01-01', 'Perempuan', NULL, '2025-05-11 04:11:17', '2025-05-11 04:11:17'),
(171, 22, '7859518106', 'Prof. Guiseppe Fisher', 'Padang', '2004-01-01', 'Perempuan', NULL, '2025-05-11 04:11:17', '2025-05-11 04:11:17'),
(172, 22, '7246456551', 'Dr. Xander Lynch II', 'Padang', '2004-01-01', 'Perempuan', NULL, '2025-05-11 04:11:17', '2025-05-11 04:11:17'),
(173, 22, '1884120524', 'Agustin Terry', 'Padang', '2004-01-01', 'Laki-laki', NULL, '2025-05-11 04:11:17', '2025-05-11 04:11:17'),
(174, 22, '8450448319', 'Elroy Pouros', 'Padang', '2004-01-01', 'Laki-laki', NULL, '2025-05-11 04:11:17', '2025-05-11 04:11:17'),
(175, 22, '2261912064', 'Prof. Carol Bartoletti', 'Padang', '2004-01-01', 'Perempuan', NULL, '2025-05-11 04:11:17', '2025-05-11 04:11:17'),
(176, 22, '9159514589', 'Terrill Orn IV', 'Padang', '2004-01-01', 'Perempuan', NULL, '2025-05-11 04:11:17', '2025-05-11 04:11:17'),
(177, 22, '8264438420', 'Shanel Nikolaus PhD', 'Padang', '2004-01-01', 'Perempuan', NULL, '2025-05-11 04:11:17', '2025-05-11 04:11:17'),
(178, 22, '9613374237', 'Maybell Weber V', 'Padang', '2004-01-01', 'Perempuan', NULL, '2025-05-11 04:11:17', '2025-05-11 04:11:17'),
(179, 22, '1444656608', 'Prof. Efren Bernhard', 'Padang', '2004-01-01', 'Laki-laki', NULL, '2025-05-11 04:11:17', '2025-05-11 04:11:17'),
(180, 22, '4242675821', 'Sage Lebsack', 'Padang', '2004-01-01', 'Perempuan', NULL, '2025-05-11 04:11:17', '2025-05-11 04:11:17'),
(181, 23, '3965457965', 'Dr. Priscilla Collier', 'Padang', '2004-01-01', 'Perempuan', NULL, '2025-05-11 04:11:17', '2025-05-11 04:11:17'),
(182, 23, '4334708408', 'Dr. Blanca Dach', 'Padang', '2004-01-01', 'Perempuan', NULL, '2025-05-11 04:11:17', '2025-05-11 04:11:17'),
(183, 23, '1870555113', 'Lukas Trantow', 'Padang', '2004-01-01', 'Perempuan', NULL, '2025-05-11 04:11:17', '2025-05-11 04:11:17'),
(184, 23, '6935000272', 'Prof. Kayleigh Bauch', 'Padang', '2004-01-01', 'Laki-laki', NULL, '2025-05-11 04:11:17', '2025-05-11 04:11:17'),
(185, 23, '9056208684', 'Noe Corwin', 'Padang', '2004-01-01', 'Perempuan', NULL, '2025-05-11 04:11:17', '2025-05-11 04:11:17'),
(186, 23, '6230248500', 'Dr. Kari Adams DVM', 'Padang', '2004-01-01', 'Perempuan', NULL, '2025-05-11 04:11:17', '2025-05-11 04:11:17'),
(187, 23, '7676068332', 'Audrey Homenick III', 'Padang', '2004-01-01', 'Perempuan', NULL, '2025-05-11 04:11:17', '2025-05-11 04:11:17'),
(188, 23, '3483459765', 'Kayli Cummerata IV', 'Padang', '2004-01-01', 'Perempuan', NULL, '2025-05-11 04:11:17', '2025-05-11 04:11:17'),
(189, 23, '2739863267', 'Telly Rippin Sr.', 'Padang', '2004-01-01', 'Laki-laki', NULL, '2025-05-11 04:11:17', '2025-05-11 04:11:17'),
(190, 23, '4636631004', 'Kathryne Turcotte', 'Padang', '2004-01-01', 'Laki-laki', NULL, '2025-05-11 04:11:17', '2025-05-11 04:11:17'),
(191, 23, '2874725092', 'Dr. Jettie Kris IV', 'Padang', '2004-01-01', 'Perempuan', NULL, '2025-05-11 04:11:17', '2025-05-11 04:11:17'),
(192, 23, '8268533568', 'Natalie Heller', 'Padang', '2004-01-01', 'Perempuan', NULL, '2025-05-11 04:11:17', '2025-05-11 04:11:17'),
(193, 23, '1419035206', 'Tracy Borer', 'Padang', '2004-01-01', 'Laki-laki', NULL, '2025-05-11 04:11:17', '2025-05-11 04:11:17'),
(194, 23, '5701284485', 'Audreanne Pfannerstill', 'Padang', '2004-01-01', 'Perempuan', NULL, '2025-05-11 04:11:17', '2025-05-11 04:11:17'),
(195, 23, '9618167902', 'Jess Mitchell DDS', 'Padang', '2004-01-01', 'Perempuan', NULL, '2025-05-11 04:11:17', '2025-05-11 04:11:17'),
(196, 24, '2854367474', 'Rozella Hills', 'Padang', '2004-01-01', 'Perempuan', NULL, '2025-05-11 04:11:17', '2025-05-11 04:11:17'),
(197, 24, '1277289927', 'Hugh Lubowitz', 'Padang', '2004-01-01', 'Perempuan', NULL, '2025-05-11 04:11:17', '2025-05-11 04:11:17'),
(198, 24, '4966377347', 'Shanelle Bauch DDS', 'Padang', '2004-01-01', 'Perempuan', NULL, '2025-05-11 04:11:17', '2025-05-11 04:11:17'),
(199, 24, '8893992804', 'Myriam Bergnaum PhD', 'Padang', '2004-01-01', 'Perempuan', NULL, '2025-05-11 04:11:17', '2025-05-11 04:11:17'),
(200, 24, '3870031755', 'Dr. Michaela Emard DDS', 'Padang', '2004-01-01', 'Laki-laki', NULL, '2025-05-11 04:11:17', '2025-05-11 04:11:17'),
(201, 24, '4495799880', 'Raleigh Botsford V', 'Padang', '2004-01-01', 'Perempuan', NULL, '2025-05-11 04:11:17', '2025-05-11 04:11:17'),
(202, 24, '9347865446', 'Simeon Herman', 'Padang', '2004-01-01', 'Perempuan', NULL, '2025-05-11 04:11:17', '2025-05-11 04:11:17'),
(203, 24, '1896044337', 'August Will', 'Padang', '2004-01-01', 'Perempuan', NULL, '2025-05-11 04:11:17', '2025-05-11 04:11:17'),
(204, 24, '7466655704', 'Deja Fritsch', 'Padang', '2004-01-01', 'Perempuan', NULL, '2025-05-11 04:11:17', '2025-05-11 04:11:17'),
(205, 24, '4123502901', 'Prof. Gaston Powlowski', 'Padang', '2004-01-01', 'Laki-laki', NULL, '2025-05-11 04:11:17', '2025-05-11 04:11:17'),
(206, 24, '1693255072', 'Mrs. Samara Weber', 'Padang', '2004-01-01', 'Laki-laki', NULL, '2025-05-11 04:11:17', '2025-05-11 04:11:17'),
(207, 24, '8337015800', 'Vicky Gutmann', 'Padang', '2004-01-01', 'Laki-laki', NULL, '2025-05-11 04:11:17', '2025-05-11 04:11:17'),
(208, 24, '3101841560', 'Richie Cummings', 'Padang', '2004-01-01', 'Laki-laki', NULL, '2025-05-11 04:11:17', '2025-05-11 04:11:17'),
(209, 24, '6074633305', 'Dr. Fredrick Hintz PhD', 'Padang', '2004-01-01', 'Laki-laki', NULL, '2025-05-11 04:11:17', '2025-05-11 04:11:17'),
(210, 24, '2520750335', 'Oma Roberts', 'Padang', '2004-01-01', 'Laki-laki', NULL, '2025-05-11 04:11:17', '2025-05-11 04:11:17'),
(211, 25, '7191997567', 'Mr. Jarrett Zemlak', 'Padang', '2004-01-01', 'Laki-laki', NULL, '2025-05-11 04:11:17', '2025-05-11 04:11:17'),
(212, 25, '9935174163', 'Miss Tierra Bednar', 'Padang', '2004-01-01', 'Laki-laki', NULL, '2025-05-11 04:11:17', '2025-05-11 04:11:17'),
(213, 25, '1064401525', 'Mr. Jamar Ward', 'Padang', '2004-01-01', 'Laki-laki', NULL, '2025-05-11 04:11:17', '2025-05-11 04:11:17'),
(214, 25, '2367040306', 'Mrs. Katarina Boehm DVM', 'Padang', '2004-01-01', 'Perempuan', NULL, '2025-05-11 04:11:17', '2025-05-11 04:11:17'),
(215, 25, '2319226604', 'Madison Lehner', 'Padang', '2004-01-01', 'Perempuan', NULL, '2025-05-11 04:11:17', '2025-05-11 04:11:17'),
(216, 25, '6435612638', 'Taurean Goodwin', 'Padang', '2004-01-01', 'Laki-laki', NULL, '2025-05-11 04:11:17', '2025-05-11 04:11:17'),
(217, 25, '5673146156', 'Mrs. Bernice Rutherford DVM', 'Padang', '2004-01-01', 'Perempuan', NULL, '2025-05-11 04:11:17', '2025-05-11 04:11:17'),
(218, 25, '5630390625', 'Giovanni D\'Amore', 'Padang', '2004-01-01', 'Perempuan', NULL, '2025-05-11 04:11:17', '2025-05-11 04:11:17'),
(219, 25, '9091104157', 'Nathanael Ruecker', 'Padang', '2004-01-01', 'Perempuan', NULL, '2025-05-11 04:11:17', '2025-05-11 04:11:17'),
(220, 25, '1784109828', 'Zackary Bashirian', 'Padang', '2004-01-01', 'Laki-laki', NULL, '2025-05-11 04:11:17', '2025-05-11 04:11:17'),
(221, 25, '7091042948', 'Myrtle Dibbert', 'Padang', '2004-01-01', 'Laki-laki', NULL, '2025-05-11 04:11:17', '2025-05-11 04:11:17'),
(222, 25, '4800505728', 'Stacey Murphy', 'Padang', '2004-01-01', 'Perempuan', NULL, '2025-05-11 04:11:17', '2025-05-11 04:11:17'),
(223, 25, '7173426499', 'Mittie Corwin', 'Padang', '2004-01-01', 'Perempuan', NULL, '2025-05-11 04:11:17', '2025-05-11 04:11:17'),
(224, 25, '6313827533', 'Joanie Turcotte', 'Padang', '2004-01-01', 'Laki-laki', NULL, '2025-05-11 04:11:17', '2025-05-11 04:11:17'),
(225, 25, '4429606171', 'Louie Parker', 'Padang', '2004-01-01', 'Perempuan', NULL, '2025-05-11 04:11:17', '2025-05-11 04:11:17'),
(226, 26, '3886178481', 'Hubert Leffler', 'Padang', '2004-01-01', 'Laki-laki', NULL, '2025-05-11 04:11:17', '2025-05-11 04:11:17'),
(227, 26, '5912031820', 'Melvin Yundt', 'Padang', '2004-01-01', 'Laki-laki', NULL, '2025-05-11 04:11:17', '2025-05-11 04:11:17'),
(228, 26, '7332937418', 'Fabiola Johnston I', 'Padang', '2004-01-01', 'Laki-laki', NULL, '2025-05-11 04:11:17', '2025-05-11 04:11:17'),
(229, 26, '9382373779', 'Prof. Brown Murray', 'Padang', '2004-01-01', 'Perempuan', NULL, '2025-05-11 04:11:17', '2025-05-11 04:11:17'),
(230, 26, '8590814262', 'Kyleigh Volkman', 'Padang', '2004-01-01', 'Laki-laki', NULL, '2025-05-11 04:11:17', '2025-05-11 04:11:17'),
(231, 26, '5037666704', 'Prof. Troy Schuster IV', 'Padang', '2004-01-01', 'Laki-laki', NULL, '2025-05-11 04:11:17', '2025-05-11 04:11:17'),
(232, 26, '7836576216', 'Mrs. Chanelle Connelly', 'Padang', '2004-01-01', 'Perempuan', NULL, '2025-05-11 04:11:17', '2025-05-11 04:11:17'),
(233, 26, '8050702268', 'Annabell Kutch', 'Padang', '2004-01-01', 'Laki-laki', NULL, '2025-05-11 04:11:17', '2025-05-11 04:11:17'),
(234, 26, '3712178475', 'Paolo Considine', 'Padang', '2004-01-01', 'Perempuan', NULL, '2025-05-11 04:11:17', '2025-05-11 04:11:17'),
(235, 26, '5714908184', 'Romaine Runte', 'Padang', '2004-01-01', 'Laki-laki', NULL, '2025-05-11 04:11:17', '2025-05-11 04:11:17'),
(236, 26, '4490569481', 'Antoinette Reichert', 'Padang', '2004-01-01', 'Laki-laki', NULL, '2025-05-11 04:11:17', '2025-05-11 04:11:17'),
(237, 26, '2793358258', 'Destiny O\'Hara', 'Padang', '2004-01-01', 'Laki-laki', NULL, '2025-05-11 04:11:17', '2025-05-11 04:11:17'),
(238, 26, '7321772527', 'Justine Schuppe MD', 'Padang', '2004-01-01', 'Perempuan', NULL, '2025-05-11 04:11:17', '2025-05-11 04:11:17'),
(239, 26, '7397661847', 'Ms. Nikita Stehr III', 'Padang', '2004-01-01', 'Perempuan', NULL, '2025-05-11 04:11:17', '2025-05-11 04:11:17'),
(240, 26, '5292085766', 'Zula Herman', 'Padang', '2004-01-01', 'Perempuan', NULL, '2025-05-11 04:11:17', '2025-05-11 04:11:17'),
(241, 27, '2583786495', 'Dr. Pierce Bradtke', 'Padang', '2004-01-01', 'Laki-laki', NULL, '2025-05-11 04:11:17', '2025-05-11 04:11:17'),
(242, 27, '3844392630', 'Jena Kris', 'Padang', '2004-01-01', 'Laki-laki', NULL, '2025-05-11 04:11:17', '2025-05-11 04:11:17'),
(243, 27, '1728410497', 'Helena Robel', 'Padang', '2004-01-01', 'Laki-laki', NULL, '2025-05-11 04:11:17', '2025-05-11 04:11:17'),
(244, 27, '7659531787', 'Soledad McCullough', 'Padang', '2004-01-01', 'Perempuan', NULL, '2025-05-11 04:11:17', '2025-05-11 04:11:17'),
(245, 27, '3086377366', 'Maybelle Powlowski', 'Padang', '2004-01-01', 'Laki-laki', NULL, '2025-05-11 04:11:17', '2025-05-11 04:11:17'),
(246, 27, '6652223204', 'Jasper Conn DVM', 'Padang', '2004-01-01', 'Laki-laki', NULL, '2025-05-11 04:11:17', '2025-05-11 04:11:17'),
(247, 27, '1021078301', 'Dr. Kirk Sanford', 'Padang', '2004-01-01', 'Perempuan', NULL, '2025-05-11 04:11:17', '2025-05-11 04:11:17'),
(248, 27, '2951576997', 'Lola Steuber', 'Padang', '2004-01-01', 'Laki-laki', NULL, '2025-05-11 04:11:17', '2025-05-11 04:11:17'),
(249, 27, '8391784766', 'Prof. Lera Osinski PhD', 'Padang', '2004-01-01', 'Laki-laki', NULL, '2025-05-11 04:11:17', '2025-05-11 04:11:17'),
(250, 27, '4625512765', 'Mr. Jimmy Rutherford', 'Padang', '2004-01-01', 'Perempuan', NULL, '2025-05-11 04:11:17', '2025-05-11 04:11:17'),
(251, 27, '3874739853', 'Miss Tressa Yundt I', 'Padang', '2004-01-01', 'Laki-laki', NULL, '2025-05-11 04:11:17', '2025-05-11 04:11:17'),
(252, 27, '2365038571', 'Dr. Lennie Schultz II', 'Padang', '2004-01-01', 'Laki-laki', NULL, '2025-05-11 04:11:17', '2025-05-11 04:11:17'),
(253, 27, '9158669472', 'Prof. Zella Zemlak', 'Padang', '2004-01-01', 'Perempuan', NULL, '2025-05-11 04:11:17', '2025-05-11 04:11:17'),
(254, 27, '9756726185', 'Prof. Luciano Cronin', 'Padang', '2004-01-01', 'Laki-laki', NULL, '2025-05-11 04:11:17', '2025-05-11 04:11:17'),
(255, 27, '9585232529', 'Ericka Kris', 'Padang', '2004-01-01', 'Laki-laki', NULL, '2025-05-11 04:11:17', '2025-05-11 04:11:17'),
(256, 28, '4851525044', 'Payton Howell II', 'Padang', '2004-01-01', 'Laki-laki', NULL, '2025-05-11 04:11:17', '2025-05-11 04:11:17'),
(257, 28, '9283521827', 'Chris Parisian DVM', 'Padang', '2004-01-01', 'Laki-laki', NULL, '2025-05-11 04:11:17', '2025-05-11 04:11:17'),
(258, 28, '1117074658', 'Ms. Adelle Stamm Sr.', 'Padang', '2004-01-01', 'Perempuan', NULL, '2025-05-11 04:11:17', '2025-05-11 04:11:17'),
(259, 28, '1439050719', 'Karl Waelchi', 'Padang', '2004-01-01', 'Laki-laki', NULL, '2025-05-11 04:11:17', '2025-05-11 04:11:17'),
(260, 28, '1458382253', 'Clair Smith', 'Padang', '2004-01-01', 'Laki-laki', NULL, '2025-05-11 04:11:17', '2025-05-11 04:11:17'),
(261, 28, '4243101421', 'Rhoda Considine', 'Padang', '2004-01-01', 'Perempuan', NULL, '2025-05-11 04:11:17', '2025-05-11 04:11:17'),
(262, 28, '4548893822', 'Hollie Sipes III', 'Padang', '2004-01-01', 'Perempuan', NULL, '2025-05-11 04:11:17', '2025-05-11 04:11:17'),
(263, 28, '7597017803', 'Mohammed West DVM', 'Padang', '2004-01-01', 'Perempuan', NULL, '2025-05-11 04:11:17', '2025-05-11 04:11:17'),
(264, 28, '2741891123', 'Gustave Jacobi', 'Padang', '2004-01-01', 'Laki-laki', NULL, '2025-05-11 04:11:17', '2025-05-11 04:11:17'),
(265, 28, '1377766940', 'Rosina Stark', 'Padang', '2004-01-01', 'Perempuan', NULL, '2025-05-11 04:11:17', '2025-05-11 04:11:17'),
(266, 28, '6613634517', 'Jed Rutherford', 'Padang', '2004-01-01', 'Laki-laki', NULL, '2025-05-11 04:11:17', '2025-05-11 04:11:17'),
(267, 28, '3032066885', 'Reese Towne', 'Padang', '2004-01-01', 'Laki-laki', NULL, '2025-05-11 04:11:17', '2025-05-11 04:11:17'),
(268, 28, '6025972529', 'Matteo Goodwin', 'Padang', '2004-01-01', 'Laki-laki', NULL, '2025-05-11 04:11:17', '2025-05-11 04:11:17'),
(269, 28, '2801544175', 'Gust Bergnaum', 'Padang', '2004-01-01', 'Perempuan', NULL, '2025-05-11 04:11:17', '2025-05-11 04:11:17'),
(270, 28, '4868961216', 'Prof. Isai Kirlin', 'Padang', '2004-01-01', 'Laki-laki', NULL, '2025-05-11 04:11:17', '2025-05-11 04:11:17'),
(271, 29, '2793772555', 'Hannah Graham', 'Padang', '2004-01-01', 'Laki-laki', NULL, '2025-05-11 04:11:17', '2025-05-11 04:11:17'),
(272, 29, '1997333581', 'Amelia Cole', 'Padang', '2004-01-01', 'Perempuan', NULL, '2025-05-11 04:11:17', '2025-05-11 04:11:17'),
(273, 29, '6488968073', 'Dorcas Von', 'Padang', '2004-01-01', 'Perempuan', NULL, '2025-05-11 04:11:17', '2025-05-11 04:11:17'),
(274, 29, '6708002192', 'Matt Connelly', 'Padang', '2004-01-01', 'Laki-laki', NULL, '2025-05-11 04:11:17', '2025-05-11 04:11:17'),
(275, 29, '3656187170', 'Ned Lehner', 'Padang', '2004-01-01', 'Perempuan', NULL, '2025-05-11 04:11:17', '2025-05-11 04:11:17'),
(276, 29, '4266502960', 'Mr. Miller DuBuque III', 'Padang', '2004-01-01', 'Perempuan', NULL, '2025-05-11 04:11:17', '2025-05-11 04:11:17'),
(277, 29, '4343022015', 'Mozelle Roberts', 'Padang', '2004-01-01', 'Laki-laki', NULL, '2025-05-11 04:11:17', '2025-05-11 04:11:17'),
(278, 29, '9727837790', 'Winston Ziemann', 'Padang', '2004-01-01', 'Perempuan', NULL, '2025-05-11 04:11:17', '2025-05-11 04:11:17'),
(279, 29, '2059796769', 'Brook Hyatt', 'Padang', '2004-01-01', 'Perempuan', NULL, '2025-05-11 04:11:17', '2025-05-11 04:11:17'),
(280, 29, '7298027336', 'Pete Rosenbaum', 'Padang', '2004-01-01', 'Perempuan', NULL, '2025-05-11 04:11:17', '2025-05-11 04:11:17'),
(281, 29, '9578585712', 'Mackenzie Jones', 'Padang', '2004-01-01', 'Laki-laki', NULL, '2025-05-11 04:11:17', '2025-05-11 04:11:17'),
(282, 29, '4096898001', 'Wilma Christiansen III', 'Padang', '2004-01-01', 'Perempuan', NULL, '2025-05-11 04:11:17', '2025-05-11 04:11:17'),
(283, 29, '1441800395', 'Jeramy Bergnaum', 'Padang', '2004-01-01', 'Laki-laki', NULL, '2025-05-11 04:11:17', '2025-05-11 04:11:17'),
(284, 29, '5533244277', 'Ms. Kenna Harvey DVM', 'Padang', '2004-01-01', 'Perempuan', NULL, '2025-05-11 04:11:17', '2025-05-11 04:11:17'),
(285, 29, '1273382212', 'Lloyd Weber', 'Padang', '2004-01-01', 'Laki-laki', NULL, '2025-05-11 04:11:17', '2025-05-11 04:11:17'),
(286, 30, '8700160020', 'Oswald Zemlak', 'Padang', '2004-01-01', 'Laki-laki', NULL, '2025-05-11 04:11:17', '2025-05-11 04:11:17'),
(287, 30, '7412185773', 'Wilfred Bechtelar', 'Padang', '2004-01-01', 'Perempuan', NULL, '2025-05-11 04:11:17', '2025-05-11 04:11:17'),
(288, 30, '2597048601', 'Mrs. Heather Rau', 'Padang', '2004-01-01', 'Perempuan', NULL, '2025-05-11 04:11:17', '2025-05-11 04:11:17'),
(289, 30, '8628739353', 'Mr. Antwon Kassulke', 'Padang', '2004-01-01', 'Perempuan', NULL, '2025-05-11 04:11:18', '2025-05-11 04:11:18'),
(290, 30, '5435389616', 'Dillan Murazik', 'Padang', '2004-01-01', 'Perempuan', NULL, '2025-05-11 04:11:18', '2025-05-11 04:11:18'),
(291, 30, '9037467468', 'Mrs. Etha Hansen', 'Padang', '2004-01-01', 'Laki-laki', NULL, '2025-05-11 04:11:18', '2025-05-11 04:11:18'),
(292, 30, '6130437422', 'Hillary Tromp', 'Padang', '2004-01-01', 'Perempuan', NULL, '2025-05-11 04:11:18', '2025-05-11 04:11:18'),
(293, 30, '7995427574', 'Mohamed Schuster', 'Padang', '2004-01-01', 'Perempuan', NULL, '2025-05-11 04:11:18', '2025-05-11 04:11:18'),
(294, 30, '8843301790', 'Prof. Hazel Hegmann', 'Padang', '2004-01-01', 'Perempuan', NULL, '2025-05-11 04:11:18', '2025-05-11 04:11:18'),
(295, 30, '6761711254', 'Maud Grimes', 'Padang', '2004-01-01', 'Perempuan', NULL, '2025-05-11 04:11:18', '2025-05-11 04:11:18'),
(296, 30, '4425459201', 'Prof. Whitney Morissette', 'Padang', '2004-01-01', 'Perempuan', NULL, '2025-05-11 04:11:18', '2025-05-11 04:11:18'),
(297, 30, '8014745520', 'Devin Moore', 'Padang', '2004-01-01', 'Laki-laki', NULL, '2025-05-11 04:11:18', '2025-05-11 04:11:18'),
(298, 30, '2484255952', 'Macy Reichert', 'Padang', '2004-01-01', 'Perempuan', NULL, '2025-05-11 04:11:18', '2025-05-11 04:11:18'),
(299, 30, '3239035545', 'Prof. Cade Brekke', 'Padang', '2004-01-01', 'Laki-laki', NULL, '2025-05-11 04:11:18', '2025-05-11 04:11:18'),
(300, 30, '1044834027', 'Johathan Emmerich', 'Padang', '2004-01-01', 'Laki-laki', NULL, '2025-05-11 04:11:18', '2025-05-11 04:11:18'),
(301, 31, '3026863355', 'Van Leffler', 'Padang', '2004-01-01', 'Perempuan', NULL, '2025-05-11 04:11:18', '2025-05-11 04:11:18'),
(302, 31, '6614043940', 'Joany Hegmann', 'Padang', '2004-01-01', 'Perempuan', NULL, '2025-05-11 04:11:18', '2025-05-11 04:11:18'),
(303, 31, '6244701756', 'Oleta Dickinson', 'Padang', '2004-01-01', 'Laki-laki', NULL, '2025-05-11 04:11:18', '2025-05-11 04:11:18'),
(304, 31, '1354161762', 'Hilton Langworth', 'Padang', '2004-01-01', 'Perempuan', NULL, '2025-05-11 04:11:18', '2025-05-11 04:11:18'),
(305, 31, '1213738631', 'Prof. Molly Anderson', 'Padang', '2004-01-01', 'Laki-laki', NULL, '2025-05-11 04:11:18', '2025-05-11 04:11:18'),
(306, 31, '2915267499', 'Glen Monahan', 'Padang', '2004-01-01', 'Perempuan', NULL, '2025-05-11 04:11:18', '2025-05-11 04:11:18'),
(307, 31, '1395461631', 'Mona Rau', 'Padang', '2004-01-01', 'Perempuan', NULL, '2025-05-11 04:11:18', '2025-05-11 04:11:18'),
(308, 31, '9611520266', 'Dr. Juston Kuhlman', 'Padang', '2004-01-01', 'Perempuan', NULL, '2025-05-11 04:11:18', '2025-05-11 04:11:18'),
(309, 31, '4864942563', 'Dr. Trent Mueller', 'Padang', '2004-01-01', 'Perempuan', NULL, '2025-05-11 04:11:18', '2025-05-11 04:11:18'),
(310, 31, '5122093648', 'Percy Swift', 'Padang', '2004-01-01', 'Laki-laki', NULL, '2025-05-11 04:11:18', '2025-05-11 04:11:18'),
(311, 31, '2123163878', 'Dr. Regan Tromp IV', 'Padang', '2004-01-01', 'Perempuan', NULL, '2025-05-11 04:11:18', '2025-05-11 04:11:18'),
(312, 31, '3682464677', 'Prof. Cynthia Hamill Jr.', 'Padang', '2004-01-01', 'Perempuan', NULL, '2025-05-11 04:11:18', '2025-05-11 04:11:18'),
(313, 31, '3597339435', 'Chet Miller', 'Padang', '2004-01-01', 'Perempuan', NULL, '2025-05-11 04:11:18', '2025-05-11 04:11:18'),
(314, 31, '3746697911', 'Corine Wolff', 'Padang', '2004-01-01', 'Perempuan', NULL, '2025-05-11 04:11:18', '2025-05-11 04:11:18'),
(315, 31, '8766705960', 'Bulah McDermott', 'Padang', '2004-01-01', 'Laki-laki', NULL, '2025-05-11 04:11:18', '2025-05-11 04:11:18'),
(316, 32, '6168748215', 'Allan Wintheiser', 'Padang', '2004-01-01', 'Perempuan', NULL, '2025-05-11 04:11:18', '2025-05-11 04:11:18'),
(317, 32, '3364865991', 'Mr. Erick Larson IV', 'Padang', '2004-01-01', 'Laki-laki', NULL, '2025-05-11 04:11:18', '2025-05-11 04:11:18'),
(318, 32, '9547566530', 'Corene O\'Reilly', 'Padang', '2004-01-01', 'Laki-laki', NULL, '2025-05-11 04:11:18', '2025-05-11 04:11:18'),
(319, 32, '8541377668', 'Miss Mozelle Dare', 'Padang', '2004-01-01', 'Perempuan', NULL, '2025-05-11 04:11:18', '2025-05-11 04:11:18'),
(320, 32, '8119364591', 'Miss Linnie Gulgowski', 'Padang', '2004-01-01', 'Perempuan', NULL, '2025-05-11 04:11:18', '2025-05-11 04:11:18'),
(321, 32, '4455935211', 'Reyes Larkin', 'Padang', '2004-01-01', 'Perempuan', NULL, '2025-05-11 04:11:18', '2025-05-11 04:11:18'),
(322, 32, '1139961360', 'Clinton Fahey V', 'Padang', '2004-01-01', 'Perempuan', NULL, '2025-05-11 04:11:18', '2025-05-11 04:11:18'),
(323, 32, '6963752451', 'Carolina Armstrong MD', 'Padang', '2004-01-01', 'Laki-laki', NULL, '2025-05-11 04:11:18', '2025-05-11 04:11:18'),
(324, 32, '2789617970', 'Antonietta Pollich', 'Padang', '2004-01-01', 'Perempuan', NULL, '2025-05-11 04:11:18', '2025-05-11 04:11:18'),
(325, 32, '3858236526', 'Donavon Schultz', 'Padang', '2004-01-01', 'Perempuan', NULL, '2025-05-11 04:11:18', '2025-05-11 04:11:18'),
(326, 32, '7593701685', 'Kaylee Bayer Sr.', 'Padang', '2004-01-01', 'Perempuan', NULL, '2025-05-11 04:11:18', '2025-05-11 04:11:18'),
(327, 32, '2027504700', 'Hellen Pouros', 'Padang', '2004-01-01', 'Perempuan', NULL, '2025-05-11 04:11:18', '2025-05-11 04:11:18'),
(328, 32, '3697231487', 'Prof. Nia Medhurst', 'Padang', '2004-01-01', 'Perempuan', NULL, '2025-05-11 04:11:18', '2025-05-11 04:11:18'),
(329, 32, '9939345006', 'Dr. Wellington Glover V', 'Padang', '2004-01-01', 'Laki-laki', NULL, '2025-05-11 04:11:18', '2025-05-11 04:11:18'),
(330, 32, '4405001981', 'Cyrus Huels PhD', 'Padang', '2004-01-01', 'Laki-laki', NULL, '2025-05-11 04:11:18', '2025-05-11 04:11:18'),
(331, 33, '2734455411', 'Jessie Fritsch', 'Padang', '2004-01-01', 'Laki-laki', NULL, '2025-05-11 04:11:18', '2025-05-11 04:11:18'),
(332, 33, '4781731519', 'Kyle Pfannerstill', 'Padang', '2004-01-01', 'Perempuan', NULL, '2025-05-11 04:11:18', '2025-05-11 04:11:18'),
(333, 33, '8795424652', 'Ryann Bogisich', 'Padang', '2004-01-01', 'Perempuan', NULL, '2025-05-11 04:11:18', '2025-05-11 04:11:18'),
(334, 33, '9540975270', 'Maybell Kautzer', 'Padang', '2004-01-01', 'Laki-laki', NULL, '2025-05-11 04:11:18', '2025-05-11 04:11:18'),
(335, 33, '1144884493', 'Dr. Rico Treutel', 'Padang', '2004-01-01', 'Laki-laki', NULL, '2025-05-11 04:11:18', '2025-05-11 04:11:18'),
(336, 33, '3864726377', 'Jeramie Eichmann', 'Padang', '2004-01-01', 'Perempuan', NULL, '2025-05-11 04:11:18', '2025-05-11 04:11:18'),
(337, 33, '4545110333', 'Prof. Pansy Klein III', 'Padang', '2004-01-01', 'Perempuan', NULL, '2025-05-11 04:11:18', '2025-05-11 04:11:18'),
(338, 33, '1026093992', 'Dedric Daniel', 'Padang', '2004-01-01', 'Perempuan', NULL, '2025-05-11 04:11:18', '2025-05-11 04:11:18'),
(339, 33, '1573848002', 'Prof. Alvina Waelchi', 'Padang', '2004-01-01', 'Perempuan', NULL, '2025-05-11 04:11:18', '2025-05-11 04:11:18'),
(340, 33, '6400852949', 'Myrtis Jacobs', 'Padang', '2004-01-01', 'Perempuan', NULL, '2025-05-11 04:11:18', '2025-05-11 04:11:18'),
(341, 33, '3976049175', 'Brannon Hickle', 'Padang', '2004-01-01', 'Perempuan', NULL, '2025-05-11 04:11:18', '2025-05-11 04:11:18'),
(342, 33, '7585639678', 'Noel Bogisich', 'Padang', '2004-01-01', 'Laki-laki', NULL, '2025-05-11 04:11:18', '2025-05-11 04:11:18'),
(343, 33, '4730315677', 'Arielle Pfannerstill', 'Padang', '2004-01-01', 'Laki-laki', NULL, '2025-05-11 04:11:18', '2025-05-11 04:11:18'),
(344, 33, '7846019397', 'Mr. Estevan Hegmann III', 'Padang', '2004-01-01', 'Perempuan', NULL, '2025-05-11 04:11:18', '2025-05-11 04:11:18'),
(345, 33, '3892057257', 'Ocie Marks', 'Padang', '2004-01-01', 'Laki-laki', NULL, '2025-05-11 04:11:18', '2025-05-11 04:11:18'),
(346, 34, '6116723186', 'Dr. Luz Pfeffer I', 'Padang', '2004-01-01', 'Laki-laki', NULL, '2025-05-11 04:11:18', '2025-05-11 04:11:18'),
(347, 34, '8873408137', 'Carlo Jacobs', 'Padang', '2004-01-01', 'Perempuan', NULL, '2025-05-11 04:11:18', '2025-05-11 04:11:18'),
(348, 34, '3339352466', 'Elva Hoeger', 'Padang', '2004-01-01', 'Perempuan', NULL, '2025-05-11 04:11:18', '2025-05-11 04:11:18'),
(349, 34, '4571848043', 'Hank Olson', 'Padang', '2004-01-01', 'Laki-laki', NULL, '2025-05-11 04:11:18', '2025-05-11 04:11:18'),
(350, 34, '8001022326', 'Monique Runolfsson II', 'Padang', '2004-01-01', 'Perempuan', NULL, '2025-05-11 04:11:18', '2025-05-11 04:11:18'),
(351, 34, '2445593195', 'Elmer Rippin DDS', 'Padang', '2004-01-01', 'Perempuan', NULL, '2025-05-11 04:11:18', '2025-05-11 04:11:18'),
(352, 34, '7563127741', 'Demond Walsh PhD', 'Padang', '2004-01-01', 'Laki-laki', NULL, '2025-05-11 04:11:18', '2025-05-11 04:11:18'),
(353, 34, '6750883280', 'Miss Joannie Yost Sr.', 'Padang', '2004-01-01', 'Perempuan', NULL, '2025-05-11 04:11:18', '2025-05-11 04:11:18'),
(354, 34, '7063495679', 'Brian Kuhn', 'Padang', '2004-01-01', 'Laki-laki', NULL, '2025-05-11 04:11:18', '2025-05-11 04:11:18'),
(355, 34, '5254505988', 'Ms. Ilene Bauch', 'Padang', '2004-01-01', 'Laki-laki', NULL, '2025-05-11 04:11:18', '2025-05-11 04:11:18'),
(356, 34, '7281022760', 'Sadie Reynolds', 'Padang', '2004-01-01', 'Perempuan', NULL, '2025-05-11 04:11:18', '2025-05-11 04:11:18'),
(357, 34, '8020797710', 'Noelia Bernhard', 'Padang', '2004-01-01', 'Laki-laki', NULL, '2025-05-11 04:11:18', '2025-05-11 04:11:18'),
(358, 34, '7473159696', 'Mr. Adonis Heller', 'Padang', '2004-01-01', 'Laki-laki', NULL, '2025-05-11 04:11:18', '2025-05-11 04:11:18'),
(359, 34, '3399330136', 'Mrs. Ena Barton', 'Padang', '2004-01-01', 'Laki-laki', NULL, '2025-05-11 04:11:18', '2025-05-11 04:11:18'),
(360, 34, '6940992584', 'Dr. Leo Crooks', 'Padang', '2004-01-01', 'Laki-laki', NULL, '2025-05-11 04:11:18', '2025-05-11 04:11:18'),
(361, 35, '3441606665', 'Dr. Tamara Jaskolski Sr.', 'Padang', '2004-01-01', 'Perempuan', NULL, '2025-05-11 04:11:18', '2025-05-11 04:11:18'),
(362, 35, '7255755975', 'Daisy Kuphal', 'Padang', '2004-01-01', 'Perempuan', NULL, '2025-05-11 04:11:18', '2025-05-11 04:11:18'),
(363, 35, '6069186832', 'Tyson Eichmann', 'Padang', '2004-01-01', 'Laki-laki', NULL, '2025-05-11 04:11:18', '2025-05-11 04:11:18'),
(364, 35, '5798174346', 'Mr. Cesar Shanahan', 'Padang', '2004-01-01', 'Laki-laki', NULL, '2025-05-11 04:11:18', '2025-05-11 04:11:18'),
(365, 35, '8987394128', 'Prof. Eusebio Hintz', 'Padang', '2004-01-01', 'Laki-laki', NULL, '2025-05-11 04:11:18', '2025-05-11 04:11:18'),
(366, 35, '1056501875', 'Prof. Waino Ebert IV', 'Padang', '2004-01-01', 'Perempuan', NULL, '2025-05-11 04:11:18', '2025-05-11 04:11:18'),
(367, 35, '5780592300', 'Thelma Murazik', 'Padang', '2004-01-01', 'Laki-laki', NULL, '2025-05-11 04:11:18', '2025-05-11 04:11:18'),
(368, 35, '3153266341', 'Gianni Cummerata', 'Padang', '2004-01-01', 'Perempuan', NULL, '2025-05-11 04:11:18', '2025-05-11 04:11:18'),
(369, 35, '7665075413', 'Mr. Johnnie Halvorson V', 'Padang', '2004-01-01', 'Laki-laki', NULL, '2025-05-11 04:11:18', '2025-05-11 04:11:18'),
(370, 35, '9957784675', 'Lois McCullough Jr.', 'Padang', '2004-01-01', 'Perempuan', NULL, '2025-05-11 04:11:18', '2025-05-11 04:11:18'),
(371, 35, '4111252718', 'Jane Nolan', 'Padang', '2004-01-01', 'Perempuan', NULL, '2025-05-11 04:11:18', '2025-05-11 04:11:18'),
(372, 35, '8287913275', 'Blake Schuster', 'Padang', '2004-01-01', 'Perempuan', NULL, '2025-05-11 04:11:18', '2025-05-11 04:11:18'),
(373, 35, '8932362053', 'Melba Corkery', 'Padang', '2004-01-01', 'Perempuan', NULL, '2025-05-11 04:11:18', '2025-05-11 04:11:18'),
(374, 35, '7721211003', 'Miss Destiney Cartwright', 'Padang', '2004-01-01', 'Perempuan', NULL, '2025-05-11 04:11:18', '2025-05-11 04:11:18'),
(375, 35, '9255378498', 'Kara Pollich II', 'Padang', '2004-01-01', 'Perempuan', NULL, '2025-05-11 04:11:18', '2025-05-11 04:11:18'),
(376, 36, '1522713861', 'Chelsey Doyle MD', 'Padang', '2004-01-01', 'Perempuan', NULL, '2025-05-11 04:11:18', '2025-05-11 04:11:18'),
(377, 36, '7745307719', 'Albert Kertzmann', 'Padang', '2004-01-01', 'Laki-laki', NULL, '2025-05-11 04:11:18', '2025-05-11 04:11:18');
INSERT INTO `students` (`id`, `grade_id`, `nisn`, `name`, `tempat_lhr`, `tanggal_lhr`, `jenis_kelamin`, `deleted_at`, `created_at`, `updated_at`) VALUES
(378, 36, '7413025223', 'Agustina Hegmann Jr.', 'Padang', '2004-01-01', 'Laki-laki', NULL, '2025-05-11 04:11:18', '2025-05-11 04:11:18'),
(379, 36, '6315209892', 'Mr. Jasen Sawayn PhD', 'Padang', '2004-01-01', 'Perempuan', NULL, '2025-05-11 04:11:18', '2025-05-11 04:11:18'),
(380, 36, '1734794340', 'Prof. Karianne Lowe DVM', 'Padang', '2004-01-01', 'Perempuan', NULL, '2025-05-11 04:11:18', '2025-05-11 04:11:18'),
(381, 36, '7827217750', 'Lora Ferry', 'Padang', '2004-01-01', 'Perempuan', NULL, '2025-05-11 04:11:18', '2025-05-11 04:11:18'),
(382, 36, '8743973706', 'Hannah Altenwerth', 'Padang', '2004-01-01', 'Perempuan', NULL, '2025-05-11 04:11:18', '2025-05-11 04:11:18'),
(383, 36, '7999187665', 'Henry Torp PhD', 'Padang', '2004-01-01', 'Perempuan', NULL, '2025-05-11 04:11:18', '2025-05-11 04:11:18'),
(384, 36, '3036036262', 'Esther Cronin', 'Padang', '2004-01-01', 'Perempuan', NULL, '2025-05-11 04:11:18', '2025-05-11 04:11:18'),
(385, 36, '3587930321', 'Vickie Spencer', 'Padang', '2004-01-01', 'Perempuan', NULL, '2025-05-11 04:11:18', '2025-05-11 04:11:18'),
(386, 36, '4198404884', 'Mr. Uriah Mohr Sr.', 'Padang', '2004-01-01', 'Laki-laki', NULL, '2025-05-11 04:11:18', '2025-05-11 04:11:18'),
(387, 36, '4266207987', 'Dr. Petra Zemlak', 'Padang', '2004-01-01', 'Perempuan', NULL, '2025-05-11 04:11:18', '2025-05-11 04:11:18'),
(388, 36, '5854430783', 'Jarrod Weber', 'Padang', '2004-01-01', 'Perempuan', NULL, '2025-05-11 04:11:18', '2025-05-11 04:11:18'),
(389, 36, '4045173437', 'Jaeden Waelchi', 'Padang', '2004-01-01', 'Perempuan', NULL, '2025-05-11 04:11:18', '2025-05-11 04:11:18'),
(390, 36, '3039751984', 'Mr. Edwardo Denesik Sr.', 'Padang', '2004-01-01', 'Laki-laki', NULL, '2025-05-11 04:11:18', '2025-05-11 04:11:18'),
(391, 37, '4926774206', 'Miss Madelyn Labadie', 'Padang', '2004-01-01', 'Laki-laki', NULL, '2025-05-11 04:11:18', '2025-05-11 04:11:18'),
(392, 37, '2892170041', 'Ellsworth Stamm', 'Padang', '2004-01-01', 'Laki-laki', NULL, '2025-05-11 04:11:18', '2025-05-11 04:11:18'),
(393, 37, '6750171833', 'Clarabelle Dooley', 'Padang', '2004-01-01', 'Laki-laki', NULL, '2025-05-11 04:11:18', '2025-05-11 04:11:18'),
(394, 37, '1147820792', 'Jonas Fay', 'Padang', '2004-01-01', 'Laki-laki', NULL, '2025-05-11 04:11:18', '2025-05-11 04:11:18'),
(395, 37, '9648438322', 'Annamarie Schimmel', 'Padang', '2004-01-01', 'Laki-laki', NULL, '2025-05-11 04:11:18', '2025-05-11 04:11:18'),
(396, 37, '5531782450', 'Dr. Emiliano Greenfelder', 'Padang', '2004-01-01', 'Perempuan', NULL, '2025-05-11 04:11:18', '2025-05-11 04:11:18'),
(397, 37, '8504403466', 'Else Kilback', 'Padang', '2004-01-01', 'Perempuan', NULL, '2025-05-11 04:11:18', '2025-05-11 04:11:18'),
(398, 37, '2453336043', 'Ward Quitzon', 'Padang', '2004-01-01', 'Perempuan', NULL, '2025-05-11 04:11:18', '2025-05-11 04:11:18'),
(399, 37, '2325169790', 'Miss Sibyl Dare II', 'Padang', '2004-01-01', 'Perempuan', NULL, '2025-05-11 04:11:18', '2025-05-11 04:11:18'),
(400, 37, '1330958140', 'Prof. Kevon Carter', 'Padang', '2004-01-01', 'Perempuan', NULL, '2025-05-11 04:11:18', '2025-05-11 04:11:18'),
(401, 37, '8898748709', 'Mrs. Angelica Wilderman', 'Padang', '2004-01-01', 'Perempuan', NULL, '2025-05-11 04:11:18', '2025-05-11 04:11:18'),
(402, 37, '1231626661', 'Franco Wisozk', 'Padang', '2004-01-01', 'Laki-laki', NULL, '2025-05-11 04:11:18', '2025-05-11 04:11:18'),
(403, 37, '1409563927', 'Euna Huels Jr.', 'Padang', '2004-01-01', 'Laki-laki', NULL, '2025-05-11 04:11:18', '2025-05-11 04:11:18'),
(404, 37, '8681959902', 'Lenny Mueller', 'Padang', '2004-01-01', 'Perempuan', NULL, '2025-05-11 04:11:18', '2025-05-11 04:11:18'),
(405, 37, '1325465325', 'Dr. Taya King', 'Padang', '2004-01-01', 'Perempuan', NULL, '2025-05-11 04:11:18', '2025-05-11 04:11:18');

-- --------------------------------------------------------

--
-- Table structure for table `student_attendances`
--

CREATE TABLE `student_attendances` (
  `id` bigint(20) UNSIGNED NOT NULL,
  `lesson_schedule_id` bigint(20) UNSIGNED NOT NULL,
  `student_id` bigint(20) UNSIGNED NOT NULL,
  `absensi` enum('hadir','alfa','sakit','izin') NOT NULL DEFAULT 'hadir',
  `tanggal` date NOT NULL,
  `keterangan` varchar(255) DEFAULT NULL,
  `created_at` timestamp NULL DEFAULT NULL,
  `updated_at` timestamp NULL DEFAULT NULL
) ENGINE=InnoDB DEFAULT CHARSET=utf8mb4 COLLATE=utf8mb4_unicode_ci;

--
-- Dumping data for table `student_attendances`
--

INSERT INTO `student_attendances` (`id`, `lesson_schedule_id`, `student_id`, `absensi`, `tanggal`, `keterangan`, `created_at`, `updated_at`) VALUES
(16, 169, 1, 'hadir', '2025-05-13', NULL, '2025-05-12 23:34:04', '2025-05-13 02:34:42'),
(17, 169, 2, 'hadir', '2025-05-13', NULL, '2025-05-12 23:34:04', '2025-05-13 02:34:42'),
(18, 169, 3, 'hadir', '2025-05-13', NULL, '2025-05-12 23:34:04', '2025-05-13 02:34:42'),
(19, 169, 4, 'hadir', '2025-05-13', NULL, '2025-05-12 23:34:04', '2025-05-13 02:34:11'),
(20, 169, 5, 'hadir', '2025-05-13', NULL, '2025-05-12 23:34:04', '2025-05-12 23:34:04'),
(21, 169, 6, 'hadir', '2025-05-13', NULL, '2025-05-12 23:34:04', '2025-05-12 23:34:04'),
(22, 169, 7, 'hadir', '2025-05-13', NULL, '2025-05-12 23:34:04', '2025-05-12 23:34:04'),
(23, 169, 8, 'hadir', '2025-05-13', NULL, '2025-05-12 23:34:04', '2025-05-12 23:34:04'),
(24, 169, 9, 'hadir', '2025-05-13', NULL, '2025-05-12 23:34:04', '2025-05-12 23:34:04'),
(25, 169, 10, 'hadir', '2025-05-13', NULL, '2025-05-12 23:34:04', '2025-05-12 23:34:04'),
(26, 169, 11, 'hadir', '2025-05-13', NULL, '2025-05-12 23:34:04', '2025-05-12 23:34:04'),
(27, 169, 12, 'hadir', '2025-05-13', NULL, '2025-05-12 23:34:04', '2025-05-12 23:34:04'),
(28, 169, 13, 'hadir', '2025-05-13', NULL, '2025-05-12 23:34:04', '2025-05-12 23:34:04'),
(29, 169, 14, 'hadir', '2025-05-13', NULL, '2025-05-12 23:34:04', '2025-05-12 23:34:04'),
(30, 169, 15, 'hadir', '2025-05-13', NULL, '2025-05-12 23:34:04', '2025-05-12 23:34:04'),
(31, 135, 1, 'alfa', '2025-05-13', NULL, '2025-05-13 02:37:00', '2025-05-13 02:37:00'),
(32, 135, 2, 'sakit', '2025-05-13', 'demam berdarah', '2025-05-13 02:37:00', '2025-05-13 02:37:00'),
(33, 135, 3, 'izin', '2025-05-13', 'urusan keluarga', '2025-05-13 02:37:00', '2025-05-13 02:37:00'),
(34, 135, 4, 'hadir', '2025-05-13', NULL, '2025-05-13 02:37:00', '2025-05-13 02:37:00'),
(35, 135, 5, 'hadir', '2025-05-13', NULL, '2025-05-13 02:37:00', '2025-05-13 02:37:00'),
(36, 135, 6, 'hadir', '2025-05-13', NULL, '2025-05-13 02:37:00', '2025-05-13 02:37:00'),
(37, 135, 7, 'hadir', '2025-05-13', NULL, '2025-05-13 02:37:00', '2025-05-13 02:37:00'),
(38, 135, 8, 'hadir', '2025-05-13', NULL, '2025-05-13 02:37:00', '2025-05-13 02:37:00'),
(39, 135, 9, 'hadir', '2025-05-13', NULL, '2025-05-13 02:37:00', '2025-05-13 02:37:00'),
(40, 135, 10, 'hadir', '2025-05-13', NULL, '2025-05-13 02:37:00', '2025-05-13 02:37:00'),
(41, 135, 11, 'hadir', '2025-05-13', NULL, '2025-05-13 02:37:00', '2025-05-13 02:37:00'),
(42, 135, 12, 'hadir', '2025-05-13', NULL, '2025-05-13 02:37:00', '2025-05-13 02:37:00'),
(43, 135, 13, 'hadir', '2025-05-13', NULL, '2025-05-13 02:37:00', '2025-05-13 02:37:00'),
(44, 135, 14, 'hadir', '2025-05-13', NULL, '2025-05-13 02:37:00', '2025-05-13 02:37:00'),
(45, 135, 15, 'hadir', '2025-05-13', NULL, '2025-05-13 02:37:00', '2025-05-13 02:37:00'),
(46, 193, 1, 'hadir', '2025-05-14', NULL, '2025-05-14 06:28:26', '2025-05-14 06:28:26'),
(47, 193, 2, 'alfa', '2025-05-14', NULL, '2025-05-14 06:28:26', '2025-05-14 06:28:26'),
(48, 193, 3, 'hadir', '2025-05-14', NULL, '2025-05-14 06:28:26', '2025-05-14 06:28:26'),
(49, 193, 4, 'hadir', '2025-05-14', NULL, '2025-05-14 06:28:26', '2025-05-14 06:28:26'),
(50, 193, 5, 'hadir', '2025-05-14', NULL, '2025-05-14 06:28:26', '2025-05-14 06:28:26'),
(51, 193, 6, 'hadir', '2025-05-14', NULL, '2025-05-14 06:28:26', '2025-05-14 06:28:26'),
(52, 193, 7, 'hadir', '2025-05-14', NULL, '2025-05-14 06:28:26', '2025-05-14 06:28:26'),
(53, 193, 8, 'hadir', '2025-05-14', NULL, '2025-05-14 06:28:26', '2025-05-14 06:28:26'),
(54, 193, 9, 'hadir', '2025-05-14', NULL, '2025-05-14 06:28:26', '2025-05-14 06:28:26'),
(55, 193, 10, 'hadir', '2025-05-14', NULL, '2025-05-14 06:28:26', '2025-05-14 06:28:26'),
(56, 193, 11, 'hadir', '2025-05-14', NULL, '2025-05-14 06:28:26', '2025-05-14 06:28:26'),
(57, 193, 12, 'hadir', '2025-05-14', NULL, '2025-05-14 06:28:26', '2025-05-14 06:28:26'),
(58, 193, 13, 'hadir', '2025-05-14', NULL, '2025-05-14 06:28:26', '2025-05-14 06:28:26'),
(59, 193, 14, 'hadir', '2025-05-14', NULL, '2025-05-14 06:28:26', '2025-05-14 06:28:26'),
(60, 193, 15, 'hadir', '2025-05-14', NULL, '2025-05-14 06:28:26', '2025-05-14 06:28:26');

-- --------------------------------------------------------

--
-- Table structure for table `subjects`
--

CREATE TABLE `subjects` (
  `id` bigint(20) UNSIGNED NOT NULL,
  `code` varchar(30) NOT NULL,
  `name` varchar(100) NOT NULL,
  `created_at` timestamp NULL DEFAULT NULL,
  `updated_at` timestamp NULL DEFAULT NULL
) ENGINE=InnoDB DEFAULT CHARSET=utf8mb4 COLLATE=utf8mb4_unicode_ci;

--
-- Dumping data for table `subjects`
--

INSERT INTO `subjects` (`id`, `code`, `name`, `created_at`, `updated_at`) VALUES
(1, 'MP-7', 'Mata Pelajaran5', '2025-04-29 01:36:52', '2025-04-29 01:36:52'),
(2, 'MP-6', 'Mata Pelajaran9', '2025-04-29 01:36:52', '2025-04-29 01:36:52'),
(3, 'MP-6', 'Mata Pelajaran6', '2025-04-29 01:36:52', '2025-04-29 01:36:52'),
(4, 'MP-9', 'Mata Pelajaran8', '2025-04-29 01:36:52', '2025-04-29 01:36:52'),
(5, 'MP-8', 'Mata Pelajaran7', '2025-04-29 01:36:52', '2025-04-29 01:36:52'),
(6, 'MP-9', 'Mata Pelajaran6', '2025-04-29 01:36:52', '2025-04-29 01:36:52'),
(7, 'MP-9', 'Mata Pelajaran3', '2025-04-29 01:36:52', '2025-04-29 01:36:52'),
(8, 'MP-9', 'Mata Pelajaran4', '2025-04-29 01:36:52', '2025-04-29 01:36:52'),
(9, 'MP-9', 'Mata Pelajaran7', '2025-04-29 01:36:52', '2025-04-29 01:36:52'),
(10, 'MP-3', 'Mata Pelajaran4', '2025-04-29 01:36:52', '2025-04-29 01:36:52');

-- --------------------------------------------------------

--
-- Table structure for table `teachers`
--

CREATE TABLE `teachers` (
  `id` bigint(20) UNSIGNED NOT NULL,
  `user_id` bigint(20) UNSIGNED DEFAULT NULL,
  `subject_id` bigint(20) UNSIGNED NOT NULL,
  `code` varchar(50) NOT NULL,
  `name` varchar(100) NOT NULL,
  `nip` varchar(18) NOT NULL,
  `tempat_lhr` varchar(100) DEFAULT NULL,
  `tanggal_lhr` date DEFAULT NULL,
  `jenis_kelamin` enum('Laki-laki','Perempuan') NOT NULL DEFAULT 'Laki-laki',
  `deleted_at` timestamp NULL DEFAULT NULL,
  `created_at` timestamp NULL DEFAULT NULL,
  `updated_at` timestamp NULL DEFAULT NULL
) ENGINE=InnoDB DEFAULT CHARSET=utf8mb4 COLLATE=utf8mb4_unicode_ci;

--
-- Dumping data for table `teachers`
--

INSERT INTO `teachers` (`id`, `user_id`, `subject_id`, `code`, `name`, `nip`, `tempat_lhr`, `tanggal_lhr`, `jenis_kelamin`, `deleted_at`, `created_at`, `updated_at`) VALUES
(1, 1, 3, 'TC1', 'Dr. Broderick McDermott DDS', '446585252920030970', 'Padang', '1998-02-02', 'Laki-laki', NULL, '2025-05-04 04:12:18', '2025-05-04 04:12:18'),
(2, 2, 2, 'TC2', 'Kayla Muchsin S.Pd.', '969296884887520498', 'Padang', '1998-02-02', 'Perempuan', NULL, '2025-05-04 04:12:18', '2025-05-04 04:12:18'),
(3, 3, 8, 'TC3', 'Mr. Lincoln Steuber', '718841579184814982', 'Padang', '1998-02-02', 'Perempuan', NULL, '2025-05-04 04:12:18', '2025-05-04 04:12:18'),
(4, 4, 8, 'TC4', 'Tiana Sungkar', '688829822011512222', 'Padang', '1998-02-02', 'Perempuan', NULL, '2025-05-04 04:12:18', '2025-05-04 04:12:18'),
(5, 5, 5, 'TC5', 'Jules Lakin', '974528488067893086', 'Padang', '1998-02-02', 'Laki-laki', NULL, '2025-05-04 04:12:18', '2025-05-04 04:12:18'),
(6, 6, 3, 'TC6', 'Zola Renner', '222605910762589583', 'Padang', '1998-02-02', 'Laki-laki', NULL, '2025-05-04 04:12:18', '2025-05-04 04:12:18'),
(7, 7, 9, 'TC7', 'Sally Hermann', '351255084262281082', 'Padang', '1998-02-02', 'Perempuan', NULL, '2025-05-04 04:12:18', '2025-05-04 04:12:18'),
(8, 8, 5, 'TC8', 'Rosella Dickinson', '453757592658655800', 'Padang', '1998-02-02', 'Perempuan', NULL, '2025-05-04 04:12:18', '2025-05-04 04:12:18'),
(9, 9, 1, 'TC9', 'Colten Daniel', '906901107845291302', 'Padang', '1998-02-02', 'Perempuan', NULL, '2025-05-04 04:12:18', '2025-05-04 04:12:18'),
(10, 10, 7, 'TC10', 'Prof. Wilson Turner IV', '920494402734477042', 'Padang', '1998-02-02', 'Perempuan', NULL, '2025-05-04 04:12:18', '2025-05-04 04:12:18'),
(11, 12, 6, 'TC11', 'Heather Schmeler', '943349364678338986', 'Padang', '1998-02-02', 'Perempuan', NULL, '2025-05-04 04:12:18', '2025-05-04 04:12:18'),
(12, 13, 4, 'TC12', 'Orie Torp', '176572443871043412', 'Padang', '1998-02-02', 'Perempuan', NULL, '2025-05-04 04:12:18', '2025-05-04 04:12:18'),
(13, 14, 5, 'TC13', 'Bernadette Hand', '824489779528432796', 'Padang', '1998-02-02', 'Perempuan', NULL, '2025-05-04 04:12:18', '2025-05-04 04:12:18'),
(14, 15, 5, 'TC14', 'Mr. Santos McCullough I', '227929381438074968', 'Padang', '1998-02-02', 'Laki-laki', NULL, '2025-05-04 04:12:18', '2025-05-04 04:12:18'),
(15, 16, 1, 'TC15', 'Tremayne Lueilwitz', '430058630504121405', 'Padang', '1998-02-02', 'Laki-laki', NULL, '2025-05-04 04:12:18', '2025-05-04 04:12:18'),
(16, 17, 1, 'TC16', 'Ms. Scarlett Macejkovic Sr.', '705625099454482488', 'Padang', '1998-02-02', 'Laki-laki', NULL, '2025-05-04 04:12:18', '2025-05-04 04:12:18'),
(17, 18, 5, 'TC17', 'Dr. Reba Glover', '383335574856668122', 'Padang', '1998-02-02', 'Perempuan', NULL, '2025-05-04 04:12:18', '2025-05-04 04:12:18'),
(18, 19, 4, 'TC18', 'Mattie Koss', '863423066523401670', 'Padang', '1998-02-02', 'Perempuan', NULL, '2025-05-04 04:12:18', '2025-05-04 04:12:18'),
(19, 20, 6, 'TC19', 'Elta Moen', '800263553495567741', 'Padang', '1998-02-02', 'Laki-laki', NULL, '2025-05-04 04:12:18', '2025-05-04 04:12:18'),
(20, 21, 8, 'TC20', 'Alize Leffler', '208570188192387446', 'Padang', '1998-02-02', 'Laki-laki', NULL, '2025-05-04 04:12:18', '2025-05-04 04:12:18'),
(21, 22, 1, 'TC21', 'Oliver Veum', '894944266800232934', 'Padang', '1998-02-02', 'Laki-laki', NULL, '2025-05-04 04:12:18', '2025-05-04 04:12:18'),
(22, 23, 3, 'TC22', 'Evans Krajcik', '190166847741817275', 'Padang', '1998-02-02', 'Laki-laki', NULL, '2025-05-04 04:12:18', '2025-05-04 04:12:18'),
(23, 24, 7, 'TC23', 'Rowena Ledner Sr.', '649853058903863390', 'Padang', '1998-02-02', 'Laki-laki', NULL, '2025-05-04 04:12:18', '2025-05-04 04:12:18'),
(24, 25, 4, 'TC24', 'Dr. Leo Swift', '452256766346810956', 'Padang', '1998-02-02', 'Laki-laki', NULL, '2025-05-04 04:12:18', '2025-05-04 04:12:18'),
(25, 26, 1, 'TC25', 'Prof. Johnson Quigley', '714124532777054106', 'Padang', '1998-02-02', 'Laki-laki', NULL, '2025-05-04 04:12:18', '2025-05-04 04:12:18'),
(26, 27, 9, 'TC26', 'Ms. Jacklyn Gutkowski', '602885253024245416', 'Padang', '1998-02-02', 'Perempuan', NULL, '2025-05-04 04:12:18', '2025-05-04 04:12:18'),
(27, 28, 6, 'TC27', 'Nora Corkery', '357238494584030426', 'Padang', '1998-02-02', 'Perempuan', NULL, '2025-05-04 04:12:18', '2025-05-04 04:12:18'),
(28, 29, 5, 'TC28', 'Mr. Domingo Connelly MD', '901664699745874566', 'Padang', '1998-02-02', 'Laki-laki', NULL, '2025-05-04 04:12:18', '2025-05-04 04:12:18'),
(29, 30, 3, 'TC29', 'Dr. Jermey Koepp IV', '811698187175150030', 'Padang', '1998-02-02', 'Laki-laki', NULL, '2025-05-04 04:12:18', '2025-05-04 04:12:18'),
(30, 31, 1, 'TC30', 'Renee Jones', '771810730779272118', 'Padang', '1998-02-02', 'Perempuan', NULL, '2025-05-04 04:12:18', '2025-05-04 04:12:18');

-- --------------------------------------------------------

--
-- Table structure for table `users`
--

CREATE TABLE `users` (
  `id` bigint(20) UNSIGNED NOT NULL,
  `name` varchar(255) NOT NULL,
  `username` varchar(255) NOT NULL,
  `email` varchar(255) NOT NULL,
  `email_verified_at` timestamp NULL DEFAULT NULL,
  `password` varchar(255) NOT NULL,
  `role` enum('Kepala Sekolah','Guru','Administrator') NOT NULL,
  `deleted_at` timestamp NULL DEFAULT NULL,
  `remember_token` varchar(100) DEFAULT NULL,
  `created_at` timestamp NULL DEFAULT NULL,
  `updated_at` timestamp NULL DEFAULT NULL
) ENGINE=InnoDB DEFAULT CHARSET=utf8mb4 COLLATE=utf8mb4_unicode_ci;

--
-- Dumping data for table `users`
--

INSERT INTO `users` (`id`, `name`, `username`, `email`, `email_verified_at`, `password`, `role`, `deleted_at`, `remember_token`, `created_at`, `updated_at`) VALUES
(1, 'Prof. Berta Kovacek', 'sydni.farrell', 'devante29@example.net', '2025-05-15 01:24:42', '$2y$12$6F.CtSYE7iP1hlX62aSkQewgeSJoAS/W7eIbMRwtezQT7eX4tv4UO', 'Guru', NULL, 'PzuZjzsXsw', '2025-05-15 01:24:42', '2025-05-15 01:24:42'),
(2, 'Kayla Muchsin S.Pd.', 'kayla47', 'kaylamuchsin@yahoo.com', '2025-05-15 01:24:42', '$2y$12$6F.CtSYE7iP1hlX62aSkQewgeSJoAS/W7eIbMRwtezQT7eX4tv4UO', 'Guru', NULL, 'cK0zwXQmknftod9WqUpawS8de7FD3h8eQ3E8xblyD3sjJKzCMJcWv4f0ekYU', '2025-05-15 01:24:42', '2025-05-15 01:29:01'),
(3, 'Mr. Adrian Larkin I', 'lwalsh', 'sydnee58@example.net', '2025-05-15 01:24:42', '$2y$12$6F.CtSYE7iP1hlX62aSkQewgeSJoAS/W7eIbMRwtezQT7eX4tv4UO', 'Guru', NULL, 'Se4e5Cn1O2', '2025-05-15 01:24:42', '2025-05-15 01:24:42'),
(4, 'Helmer Halvorson V', 'vmayer', 'rogahn.kenna@example.net', '2025-05-15 01:24:42', '$2y$12$6F.CtSYE7iP1hlX62aSkQewgeSJoAS/W7eIbMRwtezQT7eX4tv4UO', 'Guru', NULL, 'yFftIg7Bhz', '2025-05-15 01:24:42', '2025-05-15 01:24:42'),
(5, 'Kaycee Senger', 'bret.ward', 'trevor52@example.org', '2025-05-15 01:24:42', '$2y$12$6F.CtSYE7iP1hlX62aSkQewgeSJoAS/W7eIbMRwtezQT7eX4tv4UO', 'Guru', NULL, 'Ri5ZZyMi1O', '2025-05-15 01:24:42', '2025-05-15 01:24:42'),
(6, 'Salvatore Kunze', 'pearline.wisozk', 'xrussel@example.com', '2025-05-15 01:24:42', '$2y$12$6F.CtSYE7iP1hlX62aSkQewgeSJoAS/W7eIbMRwtezQT7eX4tv4UO', 'Guru', NULL, 'y1SugDQ5Z9', '2025-05-15 01:24:42', '2025-05-15 01:24:42'),
(7, 'Newell Kilback', 'tristin.reinger', 'cbuckridge@example.net', '2025-05-15 01:24:42', '$2y$12$6F.CtSYE7iP1hlX62aSkQewgeSJoAS/W7eIbMRwtezQT7eX4tv4UO', 'Guru', NULL, '1rU8AgSoWc', '2025-05-15 01:24:42', '2025-05-15 01:24:42'),
(8, 'Norwood Schroeder', 'ujacobs', 'erogahn@example.com', '2025-05-15 01:24:42', '$2y$12$6F.CtSYE7iP1hlX62aSkQewgeSJoAS/W7eIbMRwtezQT7eX4tv4UO', 'Guru', NULL, 'auphpegAK3', '2025-05-15 01:24:42', '2025-05-15 01:24:42'),
(9, 'Alexa Gibson', 'vfeest', 'conn.rubie@example.net', '2025-05-15 01:24:42', '$2y$12$6F.CtSYE7iP1hlX62aSkQewgeSJoAS/W7eIbMRwtezQT7eX4tv4UO', 'Guru', NULL, 'npJOnuJ6Id', '2025-05-15 01:24:42', '2025-05-15 01:24:42'),
(10, 'Danial Berge', 'madie.watsica', 'hand.cecil@example.org', '2025-05-15 01:24:42', '$2y$12$6F.CtSYE7iP1hlX62aSkQewgeSJoAS/W7eIbMRwtezQT7eX4tv4UO', 'Guru', NULL, '8pYrd1PRY5', '2025-05-15 01:24:42', '2025-05-15 01:24:42'),
(11, 'Elvera Homenick', 'krajcik.myah', 'ericka45@example.com', '2025-05-15 01:24:53', '$2y$12$j4i6qMCNETr29dzzZbKOEe/TDJWKFpEzCMTvYmYThXvGByhKJMhLC', 'Guru', NULL, 'TSjoRhUWxy', '2025-05-15 01:24:53', '2025-05-15 01:24:53'),
(12, 'Isabell Tillman', 'lgoodwin', 'isimonis@example.org', '2025-05-15 01:24:53', '$2y$12$j4i6qMCNETr29dzzZbKOEe/TDJWKFpEzCMTvYmYThXvGByhKJMhLC', 'Guru', NULL, 'ouvDbpkvez', '2025-05-15 01:24:53', '2025-05-15 01:24:53'),
(13, 'Else Beer', 'qdavis', 'nmayer@example.net', '2025-05-15 01:24:53', '$2y$12$j4i6qMCNETr29dzzZbKOEe/TDJWKFpEzCMTvYmYThXvGByhKJMhLC', 'Guru', NULL, 'YT3K0GmVL4', '2025-05-15 01:24:53', '2025-05-15 01:24:53'),
(14, 'Mr. Jamarcus Lindgren', 'aaron.ward', 'nakia.grant@example.net', '2025-05-15 01:24:53', '$2y$12$j4i6qMCNETr29dzzZbKOEe/TDJWKFpEzCMTvYmYThXvGByhKJMhLC', 'Guru', NULL, 'M4mT5ebPmI', '2025-05-15 01:24:53', '2025-05-15 01:24:53'),
(15, 'Mr. Casper Mraz', 'newell.rippin', 'unique95@example.com', '2025-05-15 01:24:53', '$2y$12$j4i6qMCNETr29dzzZbKOEe/TDJWKFpEzCMTvYmYThXvGByhKJMhLC', 'Guru', NULL, 'WkQdgwKSmh', '2025-05-15 01:24:53', '2025-05-15 01:24:53'),
(16, 'Talon Lueilwitz', 'schultz.sabryna', 'emilie.rohan@example.net', '2025-05-15 01:24:53', '$2y$12$j4i6qMCNETr29dzzZbKOEe/TDJWKFpEzCMTvYmYThXvGByhKJMhLC', 'Guru', NULL, 'oxs1ZbDDAC', '2025-05-15 01:24:53', '2025-05-15 01:24:53'),
(17, 'Carlo Kuvalis DVM', 'christ67', 'pat59@example.net', '2025-05-15 01:24:53', '$2y$12$j4i6qMCNETr29dzzZbKOEe/TDJWKFpEzCMTvYmYThXvGByhKJMhLC', 'Guru', NULL, 'TTX5407WjvmXoTqSgsRpeGcn2BGCRUb4WBlCOReW484KykAvoWd1g8jvHKzP', '2025-05-15 01:24:53', '2025-05-15 01:24:53'),
(18, 'Nayeli Gerhold', 'jdenesik', 'rmarquardt@example.com', '2025-05-15 01:24:53', '$2y$12$j4i6qMCNETr29dzzZbKOEe/TDJWKFpEzCMTvYmYThXvGByhKJMhLC', 'Guru', NULL, '3ND29EusDS', '2025-05-15 01:24:53', '2025-05-15 01:24:53'),
(19, 'Thomas Kling', 'nolan.adalberto', 'mmante@example.com', '2025-05-15 01:24:53', '$2y$12$j4i6qMCNETr29dzzZbKOEe/TDJWKFpEzCMTvYmYThXvGByhKJMhLC', 'Guru', NULL, 'BjXo77Gdad', '2025-05-15 01:24:53', '2025-05-15 01:24:53'),
(20, 'Jettie Greenfelder', 'alessandra.kassulke', 'xlueilwitz@example.org', '2025-05-15 01:24:53', '$2y$12$j4i6qMCNETr29dzzZbKOEe/TDJWKFpEzCMTvYmYThXvGByhKJMhLC', 'Guru', NULL, 'w4NR8YECKX', '2025-05-15 01:24:53', '2025-05-15 01:24:53'),
(21, 'Kyle Cronin', 'wisoky.meta', 'zheller@example.net', '2025-05-15 01:25:04', '$2y$12$Bt0Rb9IeZ1x0Vt1IKZ1XVeh5eRRfrJR8Q7HmCV6ZlaTH0gBGauC3.', 'Administrator', NULL, '0CDpcSD1GPF68REICoKIruSHGbpOrCCpXx2PDC0EnKHx2TYG51tyaugUCWbQ', '2025-05-15 01:25:04', '2025-05-15 01:25:04'),
(22, 'Hermina Zboncak', 'rhills', 'elias17@example.com', '2025-05-15 01:25:10', '$2y$12$bKAWZjFavzjZ72pQv01rNOFAkzl4UJe2EONgCWHQR2MFGU9YeXM6e', 'Kepala Sekolah', NULL, 'rfTa1SpFO8Le2RLyA6bfCOKlD6C7jYPFSxsr0aUPv4xc7WNZwXrh22S1xej9', '2025-05-15 01:25:10', '2025-05-15 01:25:10');

--
-- Indexes for dumped tables
--

--
-- Indexes for table `cache`
--
ALTER TABLE `cache`
  ADD PRIMARY KEY (`key`);

--
-- Indexes for table `cache_locks`
--
ALTER TABLE `cache_locks`
  ADD PRIMARY KEY (`key`);

--
-- Indexes for table `days`
--
ALTER TABLE `days`
  ADD PRIMARY KEY (`id`),
  ADD UNIQUE KEY `days_order_number_unique` (`order_number`);

--
-- Indexes for table `failed_jobs`
--
ALTER TABLE `failed_jobs`
  ADD PRIMARY KEY (`id`),
  ADD UNIQUE KEY `failed_jobs_uuid_unique` (`uuid`);

--
-- Indexes for table `grades`
--
ALTER TABLE `grades`
  ADD PRIMARY KEY (`id`);

--
-- Indexes for table `jobs`
--
ALTER TABLE `jobs`
  ADD PRIMARY KEY (`id`),
  ADD KEY `jobs_queue_index` (`queue`);

--
-- Indexes for table `job_batches`
--
ALTER TABLE `job_batches`
  ADD PRIMARY KEY (`id`);

--
-- Indexes for table `lesson_periods`
--
ALTER TABLE `lesson_periods`
  ADD PRIMARY KEY (`id`);

--
-- Indexes for table `lesson_schedules`
--
ALTER TABLE `lesson_schedules`
  ADD PRIMARY KEY (`id`);

--
-- Indexes for table `migrations`
--
ALTER TABLE `migrations`
  ADD PRIMARY KEY (`id`);

--
-- Indexes for table `password_reset_tokens`
--
ALTER TABLE `password_reset_tokens`
  ADD PRIMARY KEY (`email`);

--
-- Indexes for table `sessions`
--
ALTER TABLE `sessions`
  ADD PRIMARY KEY (`id`),
  ADD KEY `sessions_user_id_index` (`user_id`),
  ADD KEY `sessions_last_activity_index` (`last_activity`);

--
-- Indexes for table `students`
--
ALTER TABLE `students`
  ADD PRIMARY KEY (`id`),
  ADD UNIQUE KEY `students_nisn_unique` (`nisn`);

--
-- Indexes for table `student_attendances`
--
ALTER TABLE `student_attendances`
  ADD PRIMARY KEY (`id`);

--
-- Indexes for table `subjects`
--
ALTER TABLE `subjects`
  ADD PRIMARY KEY (`id`);

--
-- Indexes for table `teachers`
--
ALTER TABLE `teachers`
  ADD PRIMARY KEY (`id`),
  ADD UNIQUE KEY `teachers_nip_unique` (`nip`);

--
-- Indexes for table `users`
--
ALTER TABLE `users`
  ADD PRIMARY KEY (`id`),
  ADD UNIQUE KEY `users_username_unique` (`username`),
  ADD UNIQUE KEY `users_email_unique` (`email`);

--
-- AUTO_INCREMENT for dumped tables
--

--
-- AUTO_INCREMENT for table `days`
--
ALTER TABLE `days`
  MODIFY `id` bigint(20) UNSIGNED NOT NULL AUTO_INCREMENT, AUTO_INCREMENT=7;

--
-- AUTO_INCREMENT for table `failed_jobs`
--
ALTER TABLE `failed_jobs`
  MODIFY `id` bigint(20) UNSIGNED NOT NULL AUTO_INCREMENT;

--
-- AUTO_INCREMENT for table `grades`
--
ALTER TABLE `grades`
  MODIFY `id` bigint(20) UNSIGNED NOT NULL AUTO_INCREMENT, AUTO_INCREMENT=38;

--
-- AUTO_INCREMENT for table `jobs`
--
ALTER TABLE `jobs`
  MODIFY `id` bigint(20) UNSIGNED NOT NULL AUTO_INCREMENT;

--
-- AUTO_INCREMENT for table `lesson_periods`
--
ALTER TABLE `lesson_periods`
  MODIFY `id` bigint(20) UNSIGNED NOT NULL AUTO_INCREMENT, AUTO_INCREMENT=73;

--
-- AUTO_INCREMENT for table `lesson_schedules`
--
ALTER TABLE `lesson_schedules`
  MODIFY `id` bigint(20) UNSIGNED NOT NULL AUTO_INCREMENT, AUTO_INCREMENT=203;

--
-- AUTO_INCREMENT for table `migrations`
--
ALTER TABLE `migrations`
  MODIFY `id` int(10) UNSIGNED NOT NULL AUTO_INCREMENT, AUTO_INCREMENT=25;

--
-- AUTO_INCREMENT for table `students`
--
ALTER TABLE `students`
  MODIFY `id` bigint(20) UNSIGNED NOT NULL AUTO_INCREMENT, AUTO_INCREMENT=406;

--
-- AUTO_INCREMENT for table `student_attendances`
--
ALTER TABLE `student_attendances`
  MODIFY `id` bigint(20) UNSIGNED NOT NULL AUTO_INCREMENT, AUTO_INCREMENT=61;

--
-- AUTO_INCREMENT for table `subjects`
--
ALTER TABLE `subjects`
  MODIFY `id` bigint(20) UNSIGNED NOT NULL AUTO_INCREMENT, AUTO_INCREMENT=11;

--
-- AUTO_INCREMENT for table `teachers`
--
ALTER TABLE `teachers`
  MODIFY `id` bigint(20) UNSIGNED NOT NULL AUTO_INCREMENT, AUTO_INCREMENT=31;

--
-- AUTO_INCREMENT for table `users`
--
ALTER TABLE `users`
  MODIFY `id` bigint(20) UNSIGNED NOT NULL AUTO_INCREMENT, AUTO_INCREMENT=23;
COMMIT;

/*!40101 SET CHARACTER_SET_CLIENT=@OLD_CHARACTER_SET_CLIENT */;
/*!40101 SET CHARACTER_SET_RESULTS=@OLD_CHARACTER_SET_RESULTS */;
/*!40101 SET COLLATION_CONNECTION=@OLD_COLLATION_CONNECTION */;
